index,critical_temp
0,42.110790116941416
1,25.406623166598884
2,68.58485279798106
3,62.6820279569478
4,66.68433907085523
5,74.0455790913586
6,66.52908022855715
7,52.66697921853021
8,56.712002393785845
9,72.38072138597676
10,23.59659486592669
11,21.182249975254344
12,66.79988409561582
13,66.63138412212342
14,68.94309218200294
15,68.94309218200294
16,68.94309218200294
17,68.94309218200294
18,75.98293627132176
19,49.80130795945166
20,48.83368645711371
21,66.26030943379635
22,19.0168961517141
23,68.85319179581256
24,69.27816612730734
25,70.51712195092853
26,23.59659486592669
27,66.60824184626014
28,82.50153520946478
29,82.86488926807101
30,27.778747370257143
31,94.55819487250523
32,97.57234999554228
33,79.82497185106746
34,94.18598824702931
35,69.38103101556405
36,66.72254050028795
37,66.81016134132702
38,69.0790591176164
39,65.0863328219188
40,74.07593620906277
41,73.37693272010142
42,21.938553527236998
43,84.2344502244556
44,68.94309218200294
45,84.2344502244556
46,51.799769645757635
47,69.38228303807276
48,69.55466671899813
49,75.78614536814081
50,75.60844025650428
51,71.9967212137762
52,66.29705159306249
53,63.02861855003837
54,66.63138412212342
55,81.61948679544241
56,80.04124396073104
57,79.4664249135902
58,40.90942609098862
59,42.319058398256445
60,69.12591260850508
61,79.82497185106746
62,69.10914516368825
63,71.92686332199582
64,74.23684455938482
65,69.30087532737883
66,71.76676498179123
67,67.07926734835777
68,72.4599202489589
69,79.82497185106746
70,81.82621545288268
71,64.31245168376134
72,72.56671980497092
73,65.9088375026104
74,23.59659486592669
75,79.21814927760067
76,35.258856929648836
77,33.39176232001193
78,69.04237151419602
79,66.66568007941933
80,65.63142603414343
81,67.39926885081337
82,60.388843271875125
83,22.66139052815784
84,62.72170164210868
85,26.668372648649324
86,69.27816612730734
87,54.86232227356576
88,69.85783403769915
89,69.87594142179998
90,70.71622450373806
91,69.55363366411052
92,70.6612068713873
93,79.65599104856119
94,73.87068230991869
95,74.83261035482079
96,53.93907121356556
97,21.84719735006751
98,63.936675163958064
99,60.381538824435474
100,57.54829774371891
101,66.40353023613821
102,67.37481427501655
103,80.85155046287471
104,78.64516241718115
105,82.12668659983729
106,75.81313462926121
107,78.30913861209191
108,63.20524396280492
109,73.21513479910982
110,72.83515692597288
111,72.58657060931924
112,72.08308538472983
113,59.02906525986662
114,65.66727621338731
115,64.78180581758068
116,65.66727621338731
117,72.67597333716068
118,61.90192862204233
119,60.75175734032111
120,70.11763482333342
121,69.97990341139834
122,69.78514494881244
123,62.716233096390646
124,59.50289151473857
125,68.94309218200294
126,63.61876000317857
127,68.72757270642384
128,97.57234999554228
129,26.141089093557788
130,66.38534987661808
131,72.56671980497092
132,75.38816822828613
133,85.46310894626183
134,79.87007176075463
135,66.44672483338809
136,79.0471796462387
137,41.98801724449816
138,66.29705159306249
139,63.02861855003837
140,69.3123323253418
141,69.74987187179588
142,19.519616567171372
143,20.206571100909184
144,69.12591260850508
145,66.60824184626014
146,62.910559101038196
147,62.57985977361489
148,76.0864456727526
149,60.52443009879398
150,82.76438719418138
151,78.04800241972004
152,76.79052388099575
153,73.24651378549572
154,72.72794440659283
155,68.94309218200294
156,64.14222694753363
157,62.68256627737549
158,59.88273804143049
159,64.1977965884839
160,65.0155709303535
161,72.56671980497092
162,70.61245526982344
163,43.107373426982036
164,42.280488068078675
165,54.93197100964111
166,50.3637895963534
167,65.0713089412761
168,65.704182252132
169,66.38534987661808
170,45.571043361755684
171,56.835821163629525
172,43.44873094261765
173,27.117753138279888
174,33.090538819443644
175,27.061556352648402
176,32.89596594317118
177,35.419064189732545
178,69.45022169394397
179,26.226152575061484
180,76.10745870265538
181,29.24848642824962
182,21.26023390313275
183,24.18617083989413
184,62.67521926770451
185,62.85079166586319
186,63.35221075737409
187,63.83155442049294
188,66.14257808717437
189,65.81734208511637
190,66.0083072992577
191,25.19294956192784
192,64.90623924977254
193,68.94309218200294
194,96.61955134271824
195,84.10874322167899
196,95.40297837072538
197,95.54853966645533
198,69.80370719725838
199,69.7319912220519
200,65.22940109275208
201,73.85368856441653
202,76.50988587468052
203,71.62320867536519
204,60.02203421186814
205,76.85750452155071
206,57.64874909087957
207,66.38534987661808
208,69.78514494881244
209,79.65599104856119
210,71.08201358599385
211,66.71776847454461
212,65.78436585165332
213,69.10914516368825
214,66.10463113257427
215,63.044872587332584
216,65.51369054543088
217,58.486158427388524
218,66.38534987661808
219,23.817897734488056
220,69.45022169394397
221,26.226152575061484
222,23.59659486592669
223,66.67860732085728
224,66.59830437119751
225,54.6856666433579
226,68.94309218200294
227,66.5862909853661
228,95.00438426820784
229,60.079938411485394
230,25.841850966185916
231,62.976439836646115
232,63.728407213512874
233,65.49186787627616
234,66.1089991837155
235,66.2907434060362
236,49.00412189191943
237,49.86915793900947
238,51.49794727210539
239,55.03708194874767
240,59.370438128865025
241,63.41888222612169
242,63.13933208716879
243,63.7088174098017
244,65.91015060088588
245,78.22989521250597
246,79.23149491187274
247,78.49997710933306
248,63.062979423288375
249,63.37830383991108
250,66.66867687787655
251,66.80715758434403
252,69.64579931441963
253,70.71622450373806
254,65.27161998026398
255,75.43009016222462
256,75.43009016222462
257,58.78185143246342
258,64.94876945059775
259,24.008442503704448
260,80.15753942827052
261,75.91199343381777
262,60.42257059776325
263,60.68431365930213
264,57.30735921247095
265,52.507018626509776
266,69.55363366411052
267,79.55642436771825
268,53.78369402865883
269,79.82497185106746
270,63.61876000317857
271,70.07172309228744
272,95.40297837072538
273,81.71803262864506
274,81.79638336161841
275,81.87508293444944
276,81.98812106303052
277,82.72904382061569
278,32.166131676782165
279,41.93616003913406
280,-10.338296340405432
281,-10.364841027595626
282,24.008442503704448
283,-10.414976634786388
284,62.475498762154224
285,63.61876000317857
286,68.72546412984596
287,24.036996083777336
288,64.85662356558916
289,81.62891284305164
290,81.62891284305164
291,63.67017661728851
292,70.71622450373806
293,28.94735759704694
294,24.340409101298214
295,95.40297837072538
296,66.66488413469631
297,30.210418886794997
298,50.82852045374914
299,31.289912814533004
300,26.226152575061484
301,23.59659486592669
302,71.9967212137762
303,78.0816508013865
304,77.68588799488441
305,62.09487139714067
306,64.49093773627334
307,65.04090163035414
308,67.42395509557133
309,64.49093773627334
310,66.5294166866316
311,55.28713762227241
312,17.78000018389444
313,9.64993244011513
314,76.21306409026232
315,72.56671980497092
316,29.914410836468363
317,60.775427026434365
318,60.13055663668714
319,58.0749608474672
320,72.56671980497092
321,58.11444789066001
322,64.66575289534487
323,61.29254372294411
324,64.90623924977254
325,64.52047012360217
326,62.65715066415891
327,26.381682497434866
328,28.046583553548857
329,21.84719735006751
330,79.82497185106746
331,33.79099222398394
332,23.59659486592669
333,20.883741839424147
334,20.951430693105408
335,19.672306957974044
336,19.861066895092392
337,19.994794343453982
338,20.5942672573384
339,20.529821040304828
340,21.51411039603427
341,18.864278515121264
342,19.0168961517141
343,23.779117167695382
344,66.5294166866316
345,62.583780871548335
346,76.19576269736095
347,62.48613592620065
348,83.05008118258067
349,67.08852397768416
350,66.95496011994265
351,66.75789431497009
352,69.74987187179588
353,69.43287766385521
354,79.82497185106746
355,65.5774007171411
356,61.74706723602551
357,62.856072723683475
358,45.67915232264166
359,56.82167314338583
360,58.01802426716848
361,68.94309218200294
362,75.84536316713064
363,74.10325178517007
364,72.6027028172943
365,39.10411103421858
366,34.782671596704155
367,36.86888682114308
368,59.36341398604005
369,55.643184313266396
370,68.94309218200294
371,39.45213584268689
372,42.04687911094064
373,58.66741631384689
374,34.399218426306696
375,33.34179608678646
376,33.056909060988026
377,33.0474204158271
378,59.81654641898482
379,55.28033242024637
380,64.92628374586923
381,65.01599398419401
382,52.57323983953574
383,59.85646595220434
384,68.25543811548891
385,71.76297786316141
386,21.280820642659656
387,22.41586685277315
388,23.14759189409432
389,21.055787338210212
390,65.27161998026398
391,22.572269962639908
392,24.18094334271476
393,73.20825463925877
394,27.117753138279888
395,66.38534987661808
396,83.73110442963252
397,79.20660145821697
398,44.72145855702279
399,68.77459003782798
400,63.74804991911214
401,65.43671043214277
402,62.9690007622958
403,48.309437638110325
404,23.633584173410558
405,69.625379317703
406,83.64100878106316
407,24.347812274656807
408,15.91863953516139
409,84.04692506047866
410,35.501262796462655
411,73.15908499722016
412,71.50746034764549
413,74.29728880134033
414,69.07569924512944
415,63.369805429526956
416,64.90623924977254
417,55.43137132237123
418,57.705553209591606
419,60.477594213903096
420,56.96200259556607
421,83.07595780227734
422,83.08341523460834
423,78.83840617910465
424,66.57554157759165
425,67.15619104647186
426,72.56671980497092
427,43.664297240486896
428,47.94363238584409
429,79.23773301117771
430,59.1986103289153
431,65.27161998026398
432,65.27161998026398
433,63.80904492659544
434,65.12688143673185
435,21.097632662992627
436,60.89453021928578
437,34.198002371106625
438,65.96254268334101
439,67.29293707125427
440,68.484436542814
441,69.62546350368282
442,74.53987591645932
443,64.97617357808878
444,58.0976453637956
445,56.769935390190035
446,57.973037565894536
447,66.38534987661808
448,70.85358634284597
449,73.46430683546629
450,69.82971730881798
451,69.38000597921547
452,72.57228271864551
453,64.51552674763451
454,22.429369312158286
455,23.029327347634425
456,71.29726997717614
457,72.7366275970848
458,35.67969888967178
459,64.15276359054019
460,57.14774220810538
461,82.70451965410541
462,81.26462432782961
463,79.44265924258252
464,78.78006006302817
465,58.18839618764472
466,56.238390093032
467,62.32919798815468
468,59.19205800299145
469,33.812544627147496
470,56.16935106996042
471,59.597737249562066
472,57.63339257278074
473,56.15666369134369
474,55.87563853374056
475,54.95749056095201
476,44.75267983178679
477,43.95783332323879
478,46.69365240947044
479,46.51761480387736
480,64.05207729319238
481,61.38132697951547
482,67.04443358607134
483,23.185860046117007
484,60.02639826335865
485,64.23080738067088
486,51.20854012813725
487,26.603526397754244
488,28.83371114205709
489,27.809430880343314
490,108.75769703333867
491,103.8064361312455
492,103.70832132872917
493,109.48460263700466
494,34.198002371106625
495,34.198002371106625
496,66.38534987661808
497,24.582848336110366
498,72.0503381923393
499,73.71198520475144
500,51.506696500960004
501,33.6982478750755
502,60.249587670347985
503,23.447314461677784
504,54.02833164296304
505,79.9982150761304
506,69.07614623702625
507,69.32813769907526
508,73.51825495886646
509,69.30057596963664
510,66.39941126897801
511,78.87021682482802
512,59.7576511159997
513,60.775453312008956
514,23.447314461677784
515,26.226152575061484
516,72.72794440659283
517,24.347812274656807
518,69.98832571415352
519,53.505678831457985
520,32.795030164766956
521,68.24373186012667
522,21.84719735006751
523,68.94309218200294
524,66.26854235537957
525,63.31540904858546
526,63.36281991493967
527,87.17382735201349
528,86.40541040186889
529,21.84719735006751
530,17.27978113488645
531,17.42117526168259
532,58.528518241535046
533,76.06357257970674
534,74.99360246979893
535,21.04001154030224
536,21.325942110086746
537,84.30858417737022
538,82.82778484652812
539,24.008442503704448
540,68.94309218200294
541,76.64579915366949
542,66.38534987661808
543,86.04685860921478
544,68.94309218200294
545,72.56671980497092
546,79.06551666142272
547,67.86168080054549
548,53.275126884979954
549,54.3885220440109
550,56.692753065266665
551,74.8637539318708
552,70.44886506195127
553,63.82369919166532
554,66.04813567853805
555,68.26527291532
556,68.46806897124475
557,45.25709160188442
558,42.687595516077714
559,77.46109436044293
560,75.93327587156551
561,76.61353379758825
562,42.781300983449576
563,52.41008689929421
564,49.255165884270674
565,68.23899715213008
566,68.82917442004393
567,59.71813882674885
568,59.24851747113917
569,26.068262094621836
570,24.530508800829196
571,63.883090101189076
572,67.07294057782485
573,60.41346184318922
574,80.22102701716128
575,86.32031902757873
576,66.70097396234533
577,67.37444846833392
578,67.33395409848038
579,33.67166227866591
580,27.85024175087569
581,61.9019758815141
582,49.89643549905315
583,79.90001269807587
584,46.6343625944023
585,93.72576040659703
586,66.4095070083142
587,56.94454390168256
588,72.75712926590228
589,76.49790007427623
590,76.49790007427623
591,69.98527417161768
592,64.51990352267103
593,58.9825242461233
594,72.55385238169515
595,67.56006417500564
596,63.391940470748175
597,65.93678901697984
598,65.33411102519653
599,24.480213350582993
600,24.340409101298214
601,25.579344110007952
602,20.443612937762513
603,26.668372648649324
604,66.21881283125686
605,66.20137793616226
606,24.4289274588944
607,71.66459261741483
608,20.612613703695196
609,23.633584173410558
610,8.627677051743575
611,66.2719982122955
612,63.95940468587937
613,65.28952120205315
614,47.146312860456206
615,55.42308658944632
616,41.71025516711101
617,41.26231667569423
618,44.78540650182721
619,33.090538819443644
620,26.700095509714167
621,69.57250227013441
622,34.17797363822109
623,30.10279032417371
624,29.756565928612794
625,32.124865876680275
626,31.083001842156932
627,32.31150151474102
628,66.45138956398381
629,19.802622035482766
630,22.51380973811642
631,21.84719735006751
632,20.047429088495583
633,20.973681320211963
634,16.758975017465506
635,19.153470525549213
636,20.085485809029386
637,88.62592906765764
638,28.09360185914536
639,45.896630589947094
640,47.01627933884253
641,92.36141748581721
642,65.73720072952017
643,68.78464884525351
644,66.60133165793584
645,66.90767216359987
646,65.704182252132
647,63.70102906347963
648,38.17718994961135
649,38.17718994961135
650,42.3886315924859
651,62.577669217760906
652,47.4330257970354
653,27.478369683819906
654,27.296535946243665
655,27.117753138279888
656,53.78694340264567
657,39.9451760283111
658,66.27572104994073
659,71.17610449056136
660,26.141089093557788
661,24.008442503704448
662,66.50470778000508
663,47.94946428547653
664,65.19699526864346
665,84.04692506047866
666,54.054951720876
667,69.88191347857219
668,69.88845734070577
669,89.33180030266635
670,54.537640054129604
671,53.937078713427525
672,61.08176526823802
673,59.5939466680939
674,59.130951159060636
675,57.795983447639465
676,65.04886933240368
677,64.23279172353165
678,62.452430359046964
679,64.66575289534487
680,63.391940470748175
681,81.82621545288268
682,78.93066140020912
683,78.15033072608153
684,96.91629287893119
685,68.84585289752124
686,65.78335961737488
687,68.40041941852644
688,64.52470831952098
689,57.48664302369388
690,93.982756694876
691,23.59659486592669
692,69.56552509227816
693,76.97244307556684
694,69.14943701820022
695,66.15179924134725
696,67.61009676142018
697,70.15710657016518
698,69.60622457286743
699,66.50749618215679
700,66.22659343803105
701,77.66593165237768
702,61.3090029708164
703,60.66152613962286
704,30.26677874160965
705,77.03566320376481
706,53.775834153048095
707,53.7913468072427
708,26.62155716183876
709,104.77249068091533
710,101.85238441684609
711,94.32949238525879
712,69.73757992535366
713,69.78514494881244
714,64.73028173428406
715,64.2779956375633
716,76.54874889687852
717,82.58594062400846
718,92.62869305099417
719,92.62869305099417
720,70.65089508625024
721,44.34459626231433
722,53.80196720892907
723,56.30494400394635
724,65.82797856611603
725,62.4914454853653
726,76.30270294565778
727,92.62869305099417
728,96.16058239443726
729,92.27512863801704
730,101.9928511031255
731,102.06095419552196
732,68.94309218200294
733,97.73119140818912
734,89.86790911621696
735,72.5152002550389
736,73.15266848898531
737,63.8975939767838
738,69.08244454129132
739,70.18669112683912
740,67.72450186738814
741,67.43118490998293
742,54.8691478009245
743,77.83608743236798
744,74.25235220129679
745,113.50542514438024
746,82.10098012469095
747,76.47229904833856
748,64.86559346713702
749,36.61805001428303
750,66.38534987661808
751,45.91680106480788
752,20.994224105943857
753,23.424276802923824
754,25.199078404603576
755,68.21213595412962
756,65.04090163035414
757,65.99368375206637
758,68.85957245294475
759,43.35647869369163
760,73.71481609619448
761,87.36780150470759
762,60.0011956313681
763,53.07145940146646
764,67.5112085262457
765,10.519348847213632
766,27.622774822997833
767,68.28667737787472
768,28.74105566599657
769,32.5302711030218
770,73.42199029634628
771,65.88537134505862
772,35.46163065350257
773,70.88375320564253
774,68.54642849973902
775,66.38534987661808
776,65.31761524531953
777,65.66727621338731
778,69.02575180425978
779,69.27816612730734
780,58.75797258826584
781,57.60083116874171
782,60.95794791638075
783,60.607658285186794
784,82.08149143703832
785,82.33526273914072
786,73.22192460494472
787,77.91499747305176
788,70.6558096570138
789,74.31311973606975
790,68.12747081451081
791,66.45965736874601
792,13.916387184289373
793,63.95272864832729
794,58.687783552157065
795,56.811315905118285
796,49.00412189191943
797,66.26894637839067
798,72.56671980497092
799,68.19780207414172
800,77.31694189320356
801,100.33765509294335
802,97.49961205408232
803,56.90670186493309
804,58.8837910223313
805,73.34299727989224
806,70.85358634284597
807,69.38000597921547
808,43.903319888774654
809,111.42135688122588
810,45.613849262987834
811,87.41612614667852
812,95.40297837072538
813,93.11027443280997
814,100.01797909417564
815,71.16386643628937
816,71.22619324361676
817,69.7319912220519
818,69.17396424493626
819,68.92456634912685
820,69.2101973398006
821,69.3123323253418
822,69.625379317703
823,79.82497185106746
824,80.69909468846075
825,79.82497185106746
826,67.35268842305348
827,65.08210306994849
828,66.5294166866316
829,69.26708263245408
830,66.07192753548657
831,21.09803220004882
832,69.55493967217191
833,69.39828239236274
834,25.19294956192784
835,71.63803317624496
836,68.24178435779496
837,63.002503667008874
838,60.60442243495178
839,59.61819797727792
840,54.56677654133531
841,54.56677654133531
842,75.54622956739004
843,61.34470739366093
844,68.59176198056093
845,68.76174587364082
846,69.47231816228788
847,71.39481268405197
848,62.14522442457173
849,60.46382543953887
850,57.01726258468603
851,80.009830222022
852,63.121323852323606
853,67.23093169628783
854,65.07194901175697
855,60.43582632423409
856,65.30045256239356
857,65.84455515792416
858,66.30059495968536
859,66.68615189631265
860,61.56000548826152
861,76.5150918588543
862,65.69565722060707
863,58.79941831058725
864,55.60701307146256
865,60.93423099895484
866,53.785943547590676
867,55.54457353975151
868,64.549458696848
869,79.20870265860245
870,65.04090163035414
871,78.52021660722986
872,68.39234032086446
873,69.54989735745289
874,64.21621751741696
875,70.26830282583737
876,111.25761347994617
877,58.63137842541385
878,68.57492589723483
879,70.92918299342026
880,63.604334158647056
881,61.55846008696043
882,68.98721536469097
883,70.18293486565986
884,61.34774208757951
885,68.97606850764171
886,61.32009131397813
887,60.27636027266232
888,58.55458346624423
889,62.412335644937194
890,60.05941206840807
891,55.63408249009763
892,54.566206702734426
893,55.833354845083484
894,90.99095631189786
895,85.15003498841384
896,69.26112857985126
897,69.7319912220519
898,64.93492697652678
899,63.42485821182411
900,55.08393471910441
901,76.03961666069569
902,76.24294621191709
903,70.01172871295341
904,68.54788689167913
905,66.96493459072585
906,67.06140404217297
907,67.50051034696025
908,65.29364261956002
909,55.56848000345854
910,69.90055298841409
911,62.36032592027902
912,60.49382171744883
913,57.99248006227409
914,58.922819286539955
915,89.86096262121191
916,88.10756803714628
917,89.63669345241598
918,33.651385759008335
919,68.31409528340012
920,76.56522351861258
921,70.68688046307878
922,29.78486801719732
923,61.57643507779566
924,115.0629050915891
925,36.38761428638252
926,66.20555204532303
927,66.11172346583143
928,66.01919264455083
929,65.51578033912955
930,64.93890756892793
931,66.01919264455083
932,66.01919264455083
933,50.168278703128514
934,69.5024401755737
935,69.43287766385521
936,80.86558709746899
937,75.26969625368898
938,80.50843201265451
939,76.54787525400013
940,72.56671980497092
941,73.23644364492219
942,74.37582276544637
943,79.82497185106746
944,55.185321015823114
945,57.468261994408245
946,83.89499314901875
947,68.3606845576225
948,70.42818187062488
949,70.99233310815018
950,71.52251569503272
951,72.70527603288451
952,47.84388490481595
953,47.758420247986535
954,55.37045618716998
955,58.910429500224346
956,59.08775505142099
957,62.41474233066588
958,64.94895858189
959,36.61005455851817
960,34.481007425949024
961,34.87544524240162
962,69.00916144362222
963,63.70983886539474
964,59.67285189228044
965,60.86783074446597
966,96.91629287893119
967,104.77249068091533
968,26.111857258427513
969,22.4842022172425
970,30.471848917933322
971,29.900430649434824
972,34.64878527537998
973,33.558117015332506
974,39.49369586275432
975,34.2348482722413
976,82.18600389426007
977,71.40961727942289
978,61.39622355200938
979,60.30699825068961
980,69.68312375182154
981,73.70135007774917
982,69.11832216958095
983,65.43989959365376
984,66.79745259853925
985,66.38794058131705
986,46.6221965282904
987,69.30057596963664
988,65.89493311882407
989,59.76059920203874
990,64.19874324609384
991,64.2846829828681
992,61.38303159726372
993,66.38534987661808
994,69.96879869787043
995,69.3123323253418
996,65.96990695730693
997,68.83490297820526
998,56.87140176207205
999,82.77638222142852
1000,82.77638222142852
1001,70.71622450373806
1002,40.82748264311952
1003,27.297791677297944
1004,27.778747370257143
1005,77.32022590197562
1006,69.48500288188058
1007,66.21252329096532
1008,59.075180715405686
1009,53.576392463884225
1010,59.81654641898482
1011,85.6364061908514
1012,21.998583210023384
1013,23.93326441673686
1014,73.67090584565088
1015,77.87103977004273
1016,77.47345824209526
1017,73.99179021636769
1018,68.39506360964907
1019,70.72338128402563
1020,85.46310894626183
1021,70.8026160248128
1022,70.51569370450491
1023,57.01618558412499
1024,70.24743002721516
1025,36.638584952452426
1026,35.833556403169474
1027,35.833556403169474
1028,34.02948217799027
1029,32.25690692332538
1030,70.96029648558914
1031,72.72768483956025
1032,73.46596525819777
1033,75.11064724595118
1034,58.39581820513825
1035,57.65877878156335
1036,28.101048805774518
1037,69.57507636152425
1038,61.470767276893234
1039,61.30184023666248
1040,60.891392251354254
1041,60.57362652394375
1042,206.27405172495105
1043,79.82497185106746
1044,71.57951283737924
1045,65.93531833168936
1046,53.625589160203944
1047,67.43185697632887
1048,109.19899730930013
1049,109.19899730930013
1050,23.29219026168254
1051,44.40750106472314
1052,45.47479797532231
1053,45.43769109517401
1054,42.263761245126354
1055,46.80353984829346
1056,44.58790271783069
1057,45.7809323233822
1058,45.689362187459935
1059,71.61034854335207
1060,72.29198078027969
1061,77.59126908091741
1062,79.56728001838795
1063,76.51601932135733
1064,81.25283640365575
1065,81.44354815714118
1066,51.079055227012184
1067,51.079055227012184
1068,25.897386918796528
1069,28.201004933037176
1070,80.1402945324767
1071,40.30020180409485
1072,63.0049245672866
1073,68.24705442677205
1074,49.59529412362167
1075,60.654528486163976
1076,63.718624445716976
1077,104.82534102375831
1078,69.00417970774262
1079,98.37569758959319
1080,71.79326590955657
1081,72.35593944914322
1082,69.28669627634545
1083,46.705807205948524
1084,35.51155219635505
1085,34.39324903420334
1086,73.30359856985632
1087,68.50944324401644
1088,76.55426625697842
1089,76.54787525400013
1090,72.72768483956025
1091,73.12786818759662
1092,73.12786818759662
1093,76.73913516454431
1094,65.76917055960868
1095,65.76917055960868
1096,25.841850966185916
1097,18.970761437315552
1098,61.29254372294411
1099,65.70361802053444
1100,67.93748643803264
1101,68.54134141317343
1102,26.93975791954947
1103,57.19894585234534
1104,61.08544937865371
1105,56.54820176626499
1106,27.123302343525857
1107,27.6491458015433
1108,63.931226361641514
1109,70.79140707677323
1110,52.50323960382118
1111,54.395451524053776
1112,59.93548089929394
1113,25.841850966185916
1114,66.17922499737111
1115,66.1771575369379
1116,69.625379317703
1117,69.12063015291426
1118,23.59891508671156
1119,20.403355624750187
1120,20.404235510232194
1121,64.73018664390102
1122,79.82497185106746
1123,62.98333391948069
1124,27.816080730722405
1125,95.31486193920912
1126,95.31486193920912
1127,104.77249068091533
1128,97.57234999554228
1129,96.0140524387086
1130,65.02361159929157
1131,62.004378758648976
1132,61.57566077253336
1133,77.24363648198812
1134,68.18384414200378
1135,70.85485658550459
1136,95.76534801300974
1137,68.05483812292402
1138,69.96696974168395
1139,28.69141762282706
1140,65.7039027481236
1141,74.76423182506127
1142,73.80488100059716
1143,72.18448758156669
1144,91.58017421995152
1145,76.3185404865315
1146,66.3151430990088
1147,91.48776776874519
1148,49.463799058009265
1149,69.86060444943871
1150,66.75064265723455
1151,66.19105642331107
1152,67.30149127427134
1153,72.78671984085625
1154,75.29121671596226
1155,82.54997602771479
1156,82.56109448010025
1157,78.44340529756275
1158,77.44166251480246
1159,76.05635215964162
1160,75.52161062974326
1161,66.60005378274766
1162,67.49704456366564
1163,67.92771179625842
1164,69.24412131072202
1165,66.25721716419022
1166,68.18010604267394
1167,68.59336201907158
1168,66.39956573377657
1169,77.79551559080545
1170,77.79551559080545
1171,66.38534987661808
1172,69.74685674225572
1173,59.42311022818928
1174,69.70190002453518
1175,70.04038624510292
1176,70.02198235370565
1177,69.7677847049041
1178,61.155748766462246
1179,60.11200312385656
1180,71.26727525514622
1181,76.92827085457279
1182,66.38534987661808
1183,63.669159645997105
1184,60.56214940031304
1185,113.57584900008175
1186,49.393427631624455
1187,49.28172156885436
1188,49.15988838073355
1189,74.54802627085508
1190,65.76917055960868
1191,103.20280709812312
1192,103.20280709812312
1193,75.30421377084093
1194,69.02575180425978
1195,96.91629287893119
1196,80.8810208252535
1197,66.65727032546434
1198,66.57466925861033
1199,69.02535263961755
1200,72.56524774316131
1201,66.45480692400594
1202,64.88304309658838
1203,63.370671144837324
1204,60.15184103577945
1205,68.39149264097003
1206,62.350845548436716
1207,23.59843643728524
1208,23.57658660804781
1209,25.90870975915771
1210,17.23465587612132
1211,20.978702419425876
1212,32.227408904730645
1213,32.304021380813644
1214,60.57824042818144
1215,65.86590864837751
1216,65.68306043836012
1217,65.61644367361538
1218,63.987724214138076
1219,70.39531260678982
1220,22.8036246866021
1221,22.993816322785012
1222,26.86522334580765
1223,25.796070246181124
1224,23.696389682223653
1225,62.773435518696495
1226,21.6523128887134
1227,59.69272364765073
1228,69.43287766385521
1229,69.34662044194866
1230,58.7265457043244
1231,63.06091327482755
1232,58.32154422967587
1233,56.487638315317675
1234,56.36174445290555
1235,56.238390093032
1236,72.44385247601025
1237,24.18094334271476
1238,25.567287137288297
1239,20.178724313455504
1240,23.17562871493708
1241,21.577625604408933
1242,75.9951672291767
1243,75.9542856131738
1244,70.60966385104999
1245,66.47679785628867
1246,68.94309218200294
1247,29.65631119601582
1248,29.10331808079956
1249,36.588500210944964
1250,63.779505836512406
1251,63.59726877876485
1252,71.17138864720457
1253,25.76265032479524
1254,69.98527417161768
1255,69.80370719725838
1256,23.59659486592669
1257,19.738182696435356
1258,59.959663766869944
1259,71.93724720029266
1260,72.90630799035819
1261,73.85368856441653
1262,69.80370719725838
1263,58.423633428105695
1264,26.089706631667738
1265,68.47864681180789
1266,68.56274696848618
1267,16.417241780820206
1268,22.16951145248133
1269,43.78499934023564
1270,50.099150510247476
1271,36.042618216476555
1272,37.40845369970254
1273,33.090538819443644
1274,33.88643760487047
1275,69.08185911285707
1276,69.16011156339013
1277,72.03202411404104
1278,68.39149264097003
1279,70.28803189704053
1280,65.27161998026398
1281,59.81654641898482
1282,61.724683854951486
1283,95.49236400993848
1284,53.78694340264567
1285,80.25914966462085
1286,76.59140951159353
1287,78.83840617910465
1288,61.37552112969323
1289,80.25816232938305
1290,63.74482731451375
1291,26.832784999027957
1292,63.94051603691128
1293,74.88325943772352
1294,70.71622450373806
1295,66.52983712943055
1296,70.71622450373806
1297,11.573543958332774
1298,60.30293159587139
1299,64.70541400044416
1300,65.45513770092279
1301,69.54722407085077
1302,71.86122346734416
1303,68.42400037130182
1304,78.32972252218255
1305,56.20910911568935
1306,55.51934662470976
1307,64.1799784712359
1308,59.29554277804407
1309,58.26168945932239
1310,57.32988873135769
1311,62.681986610478724
1312,59.85532984779935
1313,59.43634243041371
1314,60.452899542207426
1315,60.33832381317088
1316,62.01329808696223
1317,28.17341397592147
1318,78.44990656881299
1319,70.17334766654272
1320,69.37227700027273
1321,43.90700811621008
1322,72.56671980497092
1323,58.08753438199597
1324,21.364709899405973
1325,24.00114779659668
1326,66.46986081307045
1327,24.830483744191085
1328,59.473188983578574
1329,65.9605263927163
1330,66.45350793978278
1331,65.91866100818271
1332,65.3280541382741
1333,60.79544960007133
1334,62.97714436901489
1335,72.4620043282988
1336,71.30116226400429
1337,63.45779882875424
1338,68.94309218200294
1339,68.94309218200294
1340,68.94309218200294
1341,68.94309218200294
1342,46.8939695009179
1343,57.6056472718841
1344,22.771643551893646
1345,70.80666790501732
1346,64.18499757250999
1347,52.71603080400319
1348,68.11624995943765
1349,66.9072960361589
1350,58.58005581991845
1351,70.01030292072565
1352,63.89181525682826
1353,69.24412131072202
1354,64.27282504737715
1355,65.89868221136939
1356,60.41787259440981
1357,78.64080945053115
1358,81.51814348019334
1359,69.76383828739156
1360,26.0869383605477
1361,26.064438024837877
1362,96.91629287893119
1363,69.02575180425978
1364,55.27528147807312
1365,27.117753138279888
1366,24.008442503704448
1367,16.83298192342992
1368,13.708016852611568
1369,63.19844978739793
1370,69.3123323253418
1371,69.14270979861902
1372,54.55999128748552
1373,65.80677952667364
1374,59.05611055130179
1375,62.27132310646952
1376,56.70267133674967
1377,59.370438128865025
1378,76.5150918588543
1379,32.86791271953996
1380,71.92861894309777
1381,107.15997021610431
1382,66.38534987661808
1383,75.77682310429577
1384,56.35991872149848
1385,55.977159213891305
1386,56.16919350251863
1387,68.94309218200294
1388,66.23838395073867
1389,68.94309218200294
1390,69.7319912220519
1391,71.46721275349014
1392,68.73214288492079
1393,59.21024609771694
1394,70.40044818389347
1395,60.14896683493958
1396,63.538308192823784
1397,63.834107048291365
1398,64.0366315073127
1399,39.13608046133253
1400,69.04237151419602
1401,58.79135488358211
1402,64.93625637513611
1403,65.29364261956002
1404,26.099686851072782
1405,70.71622450373806
1406,58.749595400716906
1407,60.10095881014953
1408,57.440257816346396
1409,65.44531659097706
1410,65.81734208511637
1411,22.98793887692371
1412,31.981894493453687
1413,24.39846217658201
1414,46.04956624915993
1415,68.97606850764171
1416,73.05561032967395
1417,68.72546412984596
1418,69.74685674225572
1419,103.79011179643177
1420,60.249587670347985
1421,58.528518241535046
1422,61.29254372294411
1423,63.637914389477
1424,63.2552650543502
1425,69.01745295938491
1426,69.09909894698862
1427,69.44675040850234
1428,69.77495886494296
1429,72.55385238169515
1430,65.62186283266522
1431,63.959871200464825
1432,66.3822853929949
1433,66.35225595381849
1434,76.54320549421305
1435,22.028477986464353
1436,59.609274140909584
1437,71.20516589718812
1438,65.91295833434043
1439,64.64147766662884
1440,63.696858825068425
1441,64.30123590368822
1442,63.043239787935114
1443,62.316296758228354
1444,62.57985977361489
1445,60.09115396337756
1446,57.53390810749813
1447,-3.290890736210537
1448,3.0162030497047745
1449,2.3463030986502407
1450,20.924763137959353
1451,21.21498851802044
1452,23.12806798614875
1453,18.973179524829973
1454,18.973179524829973
1455,69.04237151419602
1456,62.50288000760123
1457,70.07729397696122
1458,70.7453247740838
1459,69.7677847049041
1460,25.693437876632018
1461,24.045406489193734
1462,25.830747187591726
1463,86.40786552636649
1464,72.84378865344948
1465,74.42008928266011
1466,102.21426339234446
1467,99.75902251610282
1468,76.49790007427623
1469,67.22354820349037
1470,61.87098019139345
1471,68.35246940879156
1472,70.06233880608028
1473,38.825312087376
1474,45.062095606193424
1475,32.87373818022386
1476,25.317483916607337
1477,21.767975626440077
1478,15.220292735202552
1479,35.07842126032312
1480,34.219132978357145
1481,40.74768098458615
1482,72.74078198280321
1483,65.80091970842804
1484,63.50753908604407
1485,64.34185682297206
1486,64.58254035936699
1487,63.043239787935114
1488,64.20729168960088
1489,65.06155866284092
1490,65.6769235824996
1491,59.650044730583325
1492,59.95711428543378
1493,60.24280055987135
1494,60.51239495398685
1495,57.29119464049136
1496,58.17148677371201
1497,62.60594993790293
1498,61.280792334787144
1499,69.99419982300654
1500,67.67729074106364
1501,67.919908465654
1502,67.93903721389051
1503,58.198115025373276
1504,57.5421762456404
1505,65.1157858983681
1506,66.30244764911205
1507,70.88481854046469
1508,35.16783545099355
1509,62.55680297602246
1510,62.475498762154224
1511,109.19899730930013
1512,26.393705135197855
1513,37.20245513568255
1514,65.27161998026398
1515,55.485358515788135
1516,56.032543854697636
1517,65.54988392372516
1518,66.21178302378553
1519,64.92389212273386
1520,63.33837106327807
1521,57.8654338404831
1522,58.202591862481135
1523,67.63946820664691
1524,66.10126781736264
1525,66.1180224669396
1526,66.31260476861917
1527,63.780173650432836
1528,63.316077197272485
1529,68.12477578304564
1530,69.9777763962905
1531,18.79244939241913
1532,18.81466928992481
1533,18.911873806631913
1534,18.235124992959786
1535,19.076149188261827
1536,19.873198106287358
1537,65.19522026193818
1538,61.064798076529975
1539,58.230041539688834
1540,26.832784999027957
1541,76.56522351861258
1542,22.746641193355806
1543,23.929228615635576
1544,25.21422741131586
1545,24.687020984177956
1546,96.76572599153914
1547,96.69672803883859
1548,96.57104915735903
1549,96.55967643427292
1550,104.51329133696206
1551,104.52845098265243
1552,104.31720539519074
1553,76.30270294565778
1554,76.1908630789896
1555,76.99533547902666
1556,76.83048486536757
1557,77.31688211640454
1558,77.79551559080545
1559,73.95547689918749
1560,69.07569924512944
1561,60.78464663445276
1562,58.4647416510146
1563,58.143297423910546
1564,53.81846698798021
1565,55.21688010369177
1566,55.186459398111225
1567,58.062971091342995
1568,65.27161998026398
1569,109.03604423198774
1570,53.78694340264567
1571,20.301647901192133
1572,21.84719735006751
1573,24.008442503704448
1574,57.65460232905
1575,53.00222728488833
1576,54.850709815183
1577,55.067054968940205
1578,53.48782829349911
1579,54.13237089099791
1580,54.74731842280885
1581,54.98485389695383
1582,54.89084819872077
1583,68.94309218200294
1584,68.94309218200294
1585,26.668372648649324
1586,18.762446789524247
1587,21.80436253532829
1588,65.27161998026398
1589,78.78273654829664
1590,78.92317662934946
1591,18.864278515121264
1592,60.37698870923064
1593,72.76177562290195
1594,69.05902063919831
1595,69.09240739794285
1596,65.59986154289115
1597,62.47728587144979
1598,72.65866337301736
1599,23.59659486592669
1600,23.59659486592669
1601,32.63182610338844
1602,21.70228507273504
1603,21.994766461385304
1604,63.780173650432836
1605,72.26831002590126
1606,67.14841063904049
1607,63.66739412230556
1608,76.53203988232454
1609,76.60277772909586
1610,76.62905579235229
1611,76.94853982348675
1612,76.08460332512928
1613,76.99591533898257
1614,77.14587867936083
1615,18.95571185504218
1616,22.91623686634654
1617,25.796070246181124
1618,64.22137637966759
1619,57.71079568785607
1620,59.73322359071367
1621,62.40773975922598
1622,20.924763137959353
1623,18.69495639042729
1624,74.03834240963948
1625,69.41260426938561
1626,66.28323525637038
1627,79.82497185106746
1628,90.36671307086368
1629,70.52889051380808
1630,23.5787342150837
1631,26.10777681522829
1632,64.41056348628874
1633,64.2396576064015
1634,64.08337064958755
1635,18.864278515121264
1636,19.0168961517141
1637,20.732392855398466
1638,19.465635532532374
1639,19.672306957974044
1640,20.60590879215724
1641,20.085485809029386
1642,31.98826754363445
1643,20.73120157286047
1644,22.25821583707012
1645,22.508083832047824
1646,58.535227771305436
1647,71.80714448723066
1648,51.467468024476034
1649,72.15183742020807
1650,54.51366713071771
1651,31.601961075269728
1652,50.142930937802895
1653,77.13541390382511
1654,77.13541390382511
1655,77.13541390382511
1656,64.37099819368424
1657,56.7323198345863
1658,64.66782086436689
1659,63.51141841854989
1660,72.56671980497092
1661,59.89193930600161
1662,68.46696681253724
1663,79.82497185106746
1664,69.46759674399041
1665,67.85502317790034
1666,68.61206772942793
1667,72.56701549299765
1668,83.73110442963252
1669,91.47548710594637
1670,94.55653852862204
1671,70.8172029314554
1672,53.45932965069005
1673,82.464194024434
1674,107.11821057363474
1675,118.4056698757895
1676,103.46764636547363
1677,80.5152606069264
1678,69.17639368011174
1679,62.20305891837004
1680,63.12689563648136
1681,66.63869920536735
1682,67.37405645372036
1683,63.96950617723784
1684,100.8621938508978
1685,100.56413827046404
1686,65.51578033912955
1687,66.50441313457117
1688,60.998099302691266
1689,46.50447748746104
1690,46.36424920335992
1691,54.25211331973398
1692,32.29995637638958
1693,97.53212871617788
1694,60.477594213903096
1695,58.30696458801683
1696,36.51398474705478
1697,28.046583553548857
1698,21.786198963660134
1699,69.96696974168395
1700,69.51990869310495
1701,65.16740602097016
1702,65.81102842764511
1703,99.92910991818087
1704,89.74163085034738
1705,104.77249068091533
1706,34.265056204512334
1707,64.91651689744782
1708,60.58661566255622
1709,62.71805467425684
1710,69.51990869310495
1711,33.75673205584197
1712,35.88737800989482
1713,25.796070246181124
1714,34.230687231673166
1715,33.37046864591725
1716,32.14816371951128
1717,23.447314461677784
1718,23.817897734488056
1719,34.53360015302551
1720,73.86495821185429
1721,73.96462386984882
1722,21.83848236627625
1723,63.792259094362414
1724,63.52977741824865
1725,69.39828239236274
1726,63.90113405890279
1727,20.206571100909184
1728,19.519616567171372
1729,23.099592625502098
1730,21.576897699632582
1731,23.262273208338513
1732,69.64522005210159
1733,62.535066439660945
1734,61.03797803533387
1735,64.56533629454202
1736,40.80123153141723
1737,69.09240739794285
1738,20.706191328452096
1739,23.577770687364637
1740,72.87358927178653
1741,73.36554918583579
1742,35.02515948453837
1743,66.17096476546746
1744,26.92009149522181
1745,30.97773830487703
1746,57.30220341235064
1747,53.3760302368511
1748,60.02433437472876
1749,61.25918434275919
1750,75.92133397916132
1751,75.85611039900607
1752,78.11876853736845
1753,22.28373483477259
1754,19.88281672915692
1755,22.340593662244853
1756,29.646264812911383
1757,19.88281672915692
1758,32.26117823139792
1759,76.49790007427623
1760,77.92717611314706
1761,73.44232083070227
1762,73.29366818330678
1763,72.82725015761278
1764,28.654244368027
1765,58.96673163016646
1766,60.25888299051034
1767,57.705553209591606
1768,79.82497185106746
1769,63.1874030881683
1770,64.97594602444485
1771,64.52697068708892
1772,64.26253160048395
1773,63.92157217209466
1774,26.141089093557788
1775,26.141089093557788
1776,18.21207550236331
1777,34.32425319930554
1778,40.84567807845295
1779,41.39148561034
1780,41.26994091906521
1781,64.29970254230648
1782,65.61390863309688
1783,62.37612176703224
1784,63.72549168493982
1785,36.638584952452426
1786,22.243099377792547
1787,24.97741951870419
1788,100.44759138831165
1789,27.04932130471127
1790,100.16578213210471
1791,97.89561156663731
1792,80.6393059763393
1793,93.90828862628481
1794,78.66708139186787
1795,82.14278116209559
1796,87.65380989973733
1797,67.06645148806965
1798,66.94508219964084
1799,66.21695093913655
1800,31.06292931615763
1801,32.42902471035101
1802,32.503263477850574
1803,32.46008617187499
1804,32.00800739355518
1805,39.615809281846126
1806,41.80849981950243
1807,21.38780894336737
1808,20.684965076085305
1809,62.371680775142174
1810,63.45779882875424
1811,20.96574073790306
1812,21.97397659921709
1813,22.07443851329784
1814,64.93794583984143
1815,72.8453632755596
1816,24.785633662545493
1817,28.140914025824188
1818,26.41722730340546
1819,27.192781937003154
1820,61.18611705842351
1821,58.445129573900566
1822,21.308121110793287
1823,60.392502875163665
1824,27.190085645895394
1825,26.673536582745882
1826,26.280135637984365
1827,58.88076721390318
1828,69.78452085239527
1829,69.33749870117711
1830,65.54281463768416
1831,75.60985239766873
1832,58.876487478879405
1833,35.40206409696544
1834,39.132046308542336
1835,39.14832033724206
1836,26.206802854863504
1837,25.555745185259603
1838,82.55262264235594
1839,82.23936590755838
1840,82.07907288144844
1841,81.68455990403743
1842,81.62891284305164
1843,11.573543958332774
1844,16.430933797672264
1845,85.71768060359634
1846,53.63128566007517
1847,53.821015402310366
1848,59.81654641898482
1849,22.56545719512067
1850,20.301647901192133
1851,25.19294956192784
1852,26.668372648649324
1853,26.832784999027957
1854,69.80370719725838
1855,69.45022169394397
1856,69.36381038792757
1857,62.883610283887286
1858,61.96280288719499
1859,24.960544236786717
1860,28.767403449663234
1861,62.615298749242605
1862,62.615298749242605
1863,29.745871203279258
1864,93.30396074844546
1865,94.24834602656992
1866,77.31436840973052
1867,23.59659486592669
1868,23.470756818237724
1869,22.74775709933041
1870,21.39360570601737
1871,28.049504678175836
1872,23.63223219407866
1873,22.243099377792547
1874,60.990467066371146
1875,57.03702402078823
1876,22.834412236450124
1877,59.46421407716503
1878,67.19289298320851
1879,64.84354101775091
1880,28.081202536135955
1881,79.90203053089223
1882,79.14906440572184
1883,78.70349555771816
1884,34.74496184106472
1885,69.35181576235783
1886,69.05737840589686
1887,66.86344658420393
1888,66.31260476861917
1889,39.782172118840876
1890,34.29811898214576
1891,28.352193494495317
1892,34.77567803196423
1893,40.558029102465234
1894,19.946109945628727
1895,67.17777180391454
1896,64.13603658798826
1897,23.428156472638673
1898,9.862750559920677
1899,34.1883296598269
1900,25.55954418821787
1901,89.04503255050093
1902,66.38534987661808
1903,66.38534987661808
1904,65.62465716424225
1905,61.94507209678688
1906,61.24416228039269
1907,60.5249118252707
1908,61.61835558812481
1909,27.478369683819906
1910,26.7725596155908
1911,22.015798084234973
1912,12.28838422182718
1913,66.35864588721594
1914,35.52447242500277
1915,34.29811898214576
1916,26.832784999027957
1917,38.589542502793314
1918,24.28387537663304
1919,38.857790306796325
1920,33.40090600436756
1921,33.086765683581845
1922,28.54733384387874
1923,10.762327553331367
1924,10.193656732208694
1925,27.71904204699539
1926,28.706801502269805
1927,29.253152681475626
1928,42.98433051044761
1929,61.29403105853991
1930,60.88770044493564
1931,33.5934883418035
1932,13.743701164536006
1933,11.382062193781454
1934,10.762327553331367
1935,82.2367316524406
1936,82.66460176042918
1937,81.43334185632966
1938,77.42002674699532
1939,33.090538819443644
1940,65.2819359765636
1941,27.757324611912708
1942,27.423486925922745
1943,27.082345666678705
1944,27.117753138279888
1945,25.787296128446037
1946,25.627388304588862
1947,25.86895448896764
1948,25.86895448896764
1949,25.39553101470296
1950,74.39000170442674
1951,16.615399115378942
1952,15.220292735202552
1953,60.846634375971654
1954,17.24664671707099
1955,17.23437024451072
1956,63.62373973653644
1957,15.220292735202552
1958,10.75607869648362
1959,18.178658221477747
1960,19.093454701203722
1961,6.130894230769053
1962,44.59679288138261
1963,40.82748264311952
1964,20.341983896230012
1965,20.341983896230012
1966,20.729199658323555
1967,20.341983896230012
1968,27.708238237881623
1969,68.5799288042598
1970,69.41379710995312
1971,62.56598065376722
1972,63.107909496066405
1973,63.92010084754386
1974,43.75572534626276
1975,46.39194819973896
1976,48.093036891011515
1977,51.08901516095399
1978,52.48062104411322
1979,29.924330269919786
1980,43.74890996675288
1981,65.6367410718685
1982,65.46812640058513
1983,64.84072666230205
1984,41.44692752724861
1985,42.48837839471592
1986,48.75550497013241
1987,45.09414110254378
1988,41.924600583591804
1989,63.07818525482924
1990,13.008963307827223
1991,71.56089901560989
1992,71.59815886321616
1993,47.465198428707446
1994,30.338564740735045
1995,63.71552620248044
1996,4.202577286093714
1997,4.202577286093714
1998,-0.578544501816296
1999,-0.578544501816296
2000,3.5498945181886796
2001,4.202577286093714
2002,1.9220997130163866
2003,-3.060735245337951
2004,6.137185973982589
2005,3.7866420196322093
2006,1.3947077005108781
2007,25.19294956192784
2008,26.381682497434866
2009,26.95119741351052
2010,25.845152216270023
2011,-2.512369418447973
2012,25.845152216270023
2013,1.7882648151668121
2014,0.6808557060941993
2015,15.220292735202552
2016,-7.47485087045829
2017,16.624982314038327
2018,18.13641922789776
2019,68.95656596847715
2020,66.79251937857472
2021,73.00097979107508
2022,51.22505672817936
2023,30.443440930221932
2024,25.845152216270023
2025,-5.41553469400573
2026,100.56105033441176
2027,93.94656738089557
2028,23.749853812017157
2029,35.878014497104324
2030,8.960921916813792
2031,26.66971674495089
2032,16.181560970922217
2033,16.993558099840993
2034,11.073825273676892
2035,45.13398969046562
2036,42.48837839471592
2037,44.04711601591588
2038,45.09414110254378
2039,43.58534884432235
2040,41.44692752724861
2041,-5.034337551583026
2042,6.325985996919517
2043,42.4072295235586
2044,45.93705491421442
2045,38.112507672000106
2046,60.46382543953887
2047,16.400089853789673
2048,12.531036980217877
2049,12.471939756864565
2050,11.123368249779372
2051,18.13641922789776
2052,5.508638720624351
2053,-1.3036744826104965
2054,25.947452562281725
2055,-0.48066017883137224
2056,15.406348793959697
2057,11.42739415521244
2058,8.473425603166602
2059,18.533266318851236
2060,8.461767053587767
2061,13.793875939606963
2062,8.160698590946888
2063,8.213624920377288
2064,8.292152404547902
2065,25.548523271346085
2066,70.08899256722918
2067,69.8103451128919
2068,74.70499956413403
2069,69.5944738119004
2070,7.571071283205239
2071,0.8862886842908093
2072,68.26694256785802
2073,60.78681413409479
2074,22.163812553572747
2075,22.433190606006573
2076,29.764798146255174
2077,28.946609448155854
2078,32.017461727463875
2079,85.90666981628547
2080,87.10716391653122
2081,106.23187593808865
2082,110.21689682786376
2083,20.876082660234907
2084,67.32395523493983
2085,67.2422821947975
2086,58.75456416233383
2087,26.207908988742624
2088,28.24778425904715
2089,4.404765027740961
2090,8.366457027593484
2091,12.448779706286388
2092,0.7935065434908477
2093,10.953796052081305
2094,6.263123146784203
2095,21.753776625141597
2096,21.30810301840798
2097,20.574658592716542
2098,15.825118006909968
2099,-8.610376069271524
2100,-3.290890736210537
2101,-4.991566243032095
2102,13.038204731711954
2103,12.85244692673622
2104,70.03118014211881
2105,29.096939953804686
2106,30.06205842960142
2107,10.20319655092517
2108,-40.69540021841754
2109,25.845152216270023
2110,22.467428713419707
2111,19.348915586791108
2112,13.947566124264672
2113,11.847744477425309
2114,79.66220031108429
2115,78.13844221875968
2116,83.10485522755312
2117,68.94309218200294
2118,-7.454075383904667
2119,18.32471568077119
2120,29.01067208833001
2121,15.975208532878469
2122,25.334177047085063
2123,7.988964969685737
2124,8.9795918521489
2125,0.9045079426357479
2126,3.7365301928280292
2127,19.39220519093793
2128,-0.31354113941868356
2129,-0.425545999532261
2130,0.6665600807327685
2131,0.567155014650151
2132,1.759645361484706
2133,8.9795918521489
2134,26.349465711267378
2135,-0.31354113941868356
2136,6.07470024001001
2137,5.181481921818403
2138,6.863734461590109
2139,-2.74013583133258
2140,23.590169498093985
2141,32.95635881469908
2142,11.324060890368155
2143,10.94868307050001
2144,12.644640958800927
2145,12.163572024979228
2146,12.455552158965858
2147,9.492324825861655
2148,8.622303494412677
2149,5.586270831665429
2150,25.993154398710068
2151,21.6322626748357
2152,18.07323564167544
2153,26.85699937957672
2154,26.035877634010895
2155,27.162558597058165
2156,32.662500413636
2157,71.31518864433082
2158,67.84698436051946
2159,-3.5580335674453765
2160,27.117753138279888
2161,15.220292735202552
2162,108.14862968852967
2163,12.531036980217877
2164,9.758863102706062
2165,6.072451365246378
2166,14.079392027703662
2167,6.853466374725242
2168,18.728213791398105
2169,-2.23098990011594
2170,4.508692042509763
2171,10.578672588008143
2172,0.221603328655676
2173,-12.839105888836812
2174,9.383529121203043
2175,19.56395770258213
2176,9.206434655806934
2177,-2.6324469959952665
2178,6.147434739251809
2179,9.036928264138723
2180,11.03935423936574
2181,-5.144894699791063
2182,18.266437203919462
2183,3.5873729349572763
2184,-4.74817899712647
2185,4.977776528386107
2186,1.4182570686100284
2187,8.518184804039642
2188,0.3526569111306639
2189,-2.3250189173535
2190,-0.1900309230308217
2191,10.356613702406122
2192,8.717089723359603
2193,-2.5846314315369474
2194,-11.68314049349958
2195,-15.246883288132086
2196,5.8947249738793435
2197,-4.743152999086394
2198,-0.1658372913143591
2199,-0.42001386112685424
2200,-19.000085544505048
2201,-13.727432859405722
2202,-0.1658372913143591
2203,-5.989467018408607
2204,-7.3352432971102415
2205,2.8341015203584945
2206,8.960921916813792
2207,-0.8699446859592603
2208,2.677661022291746
2209,15.183034024891338
2210,-11.36713147832926
2211,25.845152216270023
2212,22.063680652855943
2213,1.7226064095883995
2214,0.908648586108189
2215,4.336781426978906
2216,4.202577286093714
2217,5.403662557957675
2218,8.974191059980296
2219,22.063680652855943
2220,-3.3820199204793475
2221,-2.79731614582788
2222,-3.935696632302312
2223,21.066868664768776
2224,-3.6429782619323845
2225,-2.7134180084743447
2226,-2.620957059341035
2227,-6.3594488620916625
2228,9.528849450825657
2229,8.382946977920538
2230,-3.7432732542044755
2231,14.930460711526703
2232,-4.2381570382620986
2233,0.30781909135216257
2234,22.08171171837066
2235,28.21571603299543
2236,24.65560881435325
2237,25.845152216270023
2238,23.186564476083543
2239,22.4847781903152
2240,25.845152216270023
2241,12.846578892188756
2242,9.378804004692064
2243,-6.7798252117977285
2244,-0.4779086264396426
2245,-0.18475350405832813
2246,0.5969592968416411
2247,-5.878806745124159
2248,-5.479919412672103
2249,1.6229805698961073
2250,9.386050524089239
2251,9.758863102706062
2252,12.448779706286388
2253,-10.96482421782606
2254,4.076630814256932
2255,-5.678691621701336
2256,-5.850334111354307
2257,23.057767390265468
2258,-60.57064253781954
2259,-19.638336034080346
2260,2.881677696570586
2261,-14.684342898259839
2262,-9.661181142201226
2263,14.200117281349787
2264,6.681549619672317
2265,17.047829469212115
2266,17.425270719384773
2267,22.85799362153471
2268,12.361209534097295
2269,35.19166299911353
2270,3.216984827532107
2271,1.297120720105756
2272,10.038842898478698
2273,19.253411328366695
2274,20.97503078941484
2275,16.12867467238319
2276,-10.842317487351831
2277,-18.198890604783898
2278,13.186837477200545
2279,8.165664076234549
2280,14.558124720129733
2281,-4.242235000051973
2282,21.74056756860089
2283,0.5943731281897069
2284,0.5943731281897069
2285,21.620748233549175
2286,30.299409673721584
2287,12.93914699007858
2288,8.317711046364746
2289,19.551522255065446
2290,7.360627595346797
2291,17.372029812813164
2292,20.89870763020177
2293,25.37567279189372
2294,29.877675706822238
2295,29.133454244562323
2296,19.921656606440393
2297,11.779631291145279
2298,-2.1911273159278606
2299,13.911087491810076
2300,14.748018255677511
2301,2.1731348716089425
2302,2.9971640715713814
2303,-5.139693523778002
2304,10.363840946293713
2305,9.714523346226734
2306,2.5724279739197993
2307,3.791039579004888
2308,1.8827413447483519
2309,10.263263983495683
2310,-1.512925179038401
2311,6.283756407147703
2312,38.140488151775756
2313,19.15943843897528
2314,-3.8007926731637287
2315,18.91623840206856
2316,-12.834911617974717
2317,-3.632365978573022
2318,-3.632365978573022
2319,7.205542494029357
2320,0.5572277238686816
2321,4.851690574742378
2322,4.568375380787616
2323,7.459834259349812
2324,11.811585600239692
2325,1.3140073700006454
2326,6.647723115132255
2327,46.16025392876044
2328,4.845937995665068
2329,15.908370833277278
2330,-6.162280351264501
2331,7.318246385837432
2332,3.5889950311813674
2333,2.8940703805812067
2334,-12.195001149979642
2335,6.853466374725242
2336,29.800750556057977
2337,11.335220277410166
2338,9.430048041386765
2339,20.594388893377573
2340,12.208909687265937
2341,14.810304093395892
2342,5.403810054051149
2343,14.448457967316305
2344,5.190425097432778
2345,23.961470026948366
2346,6.93029014565888
2347,-13.830255544664812
2348,8.28637267929162
2349,9.805961959456283
2350,8.424916786923529
2351,3.2994062705956875
2352,6.726283869855495
2353,7.1039387881237985
2354,5.271479476672594
2355,16.85460620912161
2356,22.911469863120942
2357,48.664186224871656
2358,9.430781923476292
2359,13.642801533146574
2360,6.841008863390876
2361,-15.027928425447142
2362,1.2575044658959627
2363,-7.89197724086182
2364,-0.0504446930337874
2365,1.604670133751803
2366,7.120070537493824
2367,-0.873362929487679
2368,-1.2474933179219105
2369,19.757337647739856
2370,-3.431952160248094
2371,0.6386755947963358
2372,0.9987776268806918
2373,-10.329956925846062
2374,-1.1476667692590379
2375,7.190207905562689
2376,20.029783580655764
2377,19.088786878984894
2378,0.4157632942169114
2379,0.6682531190692078
2380,10.9588234354276
2381,-5.390501364311593
2382,15.02250219547751
2383,9.69045590255292
2384,13.14044627777129
2385,16.0672462390729
2386,21.642126814220827
2387,3.3173702592414234
2388,0.4046563144833364
2389,7.703834523518122
2390,1.6644877898458947
2391,1.5993696343753765
2392,-6.332925619149828
2393,-3.9308306254577388
2394,6.387989259920069
2395,1.0924913342673026
2396,0.30781909135216257
2397,-0.39595460394411663
2398,-17.43278998494128
2399,7.084547986948396
2400,-10.375108872085713
2401,1.50753969931524
2402,-0.8300497096392778
2403,4.204973771548373
2404,-7.232453754748039
2405,22.11354024435353
2406,0.17588304392848553
2407,-1.0572931604056208
2408,5.638949762910622
2409,2.5153703598968935
2410,8.612013490524866
2411,4.900517183824807
2412,-1.9836054389021331
2413,8.224324916014668
2414,-4.6925448912703125
2415,14.628623580124085
2416,6.580953172237939
2417,-10.509808732505416
2418,3.839667132176679
2419,7.093034330207054
2420,4.030921970669164
2421,4.170529147229937
2422,12.9171807842527
2423,9.236894265045276
2424,0.28334189404418986
2425,6.941740738548795
2426,4.2859467453176485
2427,14.71215137669423
2428,13.665049128600128
2429,5.098965601263645
2430,7.542894876490783
2431,4.5413342979745295
2432,4.569883508856925
2433,-0.09840983643252876
2434,-0.25479631153644267
2435,7.085393329944829
2436,3.071526135226671
2437,4.966324497391911
2438,4.229312371789856
2439,5.872955854833391
2440,3.0177543885036933
2441,0.13066353255000163
2442,5.21650306679955
2443,3.7865964758855277
2444,13.483367192424314
2445,1.9001642484255825
2446,9.497998621143562
2447,6.181324592603426
2448,8.895534061794667
2449,7.259096503273053
2450,8.895534061794667
2451,14.28256807230347
2452,13.86173496597231
2453,-2.615508864849854
2454,-3.18590273939464
2455,-10.710985970006588
2456,5.126740297081074
2457,8.823588762232248
2458,0.7979127874959175
2459,4.6498124414147135
2460,9.575414302047704
2461,25.415451013971968
2462,-0.07514621248705389
2463,11.169712100081941
2464,13.058248019071375
2465,-2.9852908316792446
2466,1.3135426269024482
2467,-0.043410557515715986
2468,4.765153120210266
2469,2.6453913654974794
2470,2.4340242873236146
2471,7.225485522570141
2472,5.0407608869943665
2473,5.778488958638542
2474,5.464378921680321
2475,8.24396280808466
2476,7.663409257760749
2477,9.88898438370769
2478,12.8077347777913
2479,11.678208552106348
2480,4.392287653569916
2481,7.860915150524518
2482,7.691314546992494
2483,12.44899395201335
2484,9.837855738604212
2485,6.851770741125362
2486,7.28522996715283
2487,1.7946897197266924
2488,5.827208275699482
2489,9.859667411015764
2490,1.4529950952334278
2491,19.46472597118762
2492,-8.988227274228198
2493,-1.1915553932196312
2494,2.053480227780806
2495,18.3213672934725
2496,3.9671337358032748
2497,6.147184805671838
2498,4.170831178562157
2499,4.8120281573086565
2500,4.668592494653973
2501,-1.0018506199640074
2502,-0.14060890030682494
2503,3.0113593876159666
2504,8.198483698987713
2505,1.098700206041773
2506,9.430054687777162
2507,0.9496996867282785
2508,6.755551352043508
2509,8.537917162495976
2510,3.9519301486213827
2511,2.8474961953935143
2512,-3.226955230854787
2513,-4.728794067271062
2514,7.784744365421274
2515,6.3933862765670035
2516,6.02384049653377
2517,8.416926221273524
2518,13.22030492295211
2519,11.455246777220676
2520,13.236727717920694
2521,-6.729831475625166
2522,12.714607154691265
2523,13.704204813329032
2524,5.397633218054841
2525,4.591391490039234
2526,2.738130453168754
2527,7.213663855659803
2528,9.465689058411215
2529,3.2038477478077443
2530,2.5678136473745283
2531,2.516184721257332
2532,8.4973615559716
2533,8.86452693973574
2534,16.35391660692118
2535,19.307002220791883
2536,8.49203665195229
2537,6.807192163107704
2538,6.8419323669750085
2539,6.137185973982589
2540,6.687228016610968
2541,7.907100910122205
2542,7.238406627703991
2543,12.659630293075956
2544,12.747777834362516
2545,12.843666568294768
2546,6.263123146784203
2547,0.10761134908224168
2548,0.9656206449807723
2549,-0.07514621248705389
2550,16.35391660692118
2551,2.9995023844269486
2552,4.202577286093714
2553,4.202577286093714
2554,3.1968845821424683
2555,1.0432999560456064
2556,2.2261189086380924
2557,3.5889950311813674
2558,-2.8488903782141133
2559,7.548633628485762
2560,-17.026217704895824
2561,27.873132723297097
2562,27.44980453359937
2563,10.837436871632676
2564,6.569181000410099
2565,3.009883935209949
2566,3.3258533116569176
2567,5.240742445722656
2568,-0.31354113941868356
2569,-0.8042191164997536
2570,-10.653519552943505
2571,-10.904538255844205
2572,8.110506539681298
2573,9.332204855221821
2574,4.204730675391495
2575,-1.2039449561092352
2576,7.182232705474188
2577,-0.16620103505098172
2578,4.023781738626482
2579,12.825436968623002
2580,14.680989730508855
2581,20.116323282145053
2582,16.543279270124334
2583,14.578898816625166
2584,15.748354726970245
2585,1.396699512355653
2586,25.187779127386953
2587,19.36988553209535
2588,19.663298099260054
2589,14.202346361263366
2590,9.523405461108783
2591,20.24087803625408
2592,-0.055966110158828464
2593,9.854781550876407
2594,11.87194095502526
2595,6.299516529279396
2596,9.908815002340269
2597,16.312430124624246
2598,9.761125301675698
2599,3.2185253908481783
2600,16.64032385870722
2601,15.315805244277747
2602,1.1705564696245823
2603,-2.2579483098814688
2604,0.7898643451247143
2605,4.082140672625918
2606,9.548540315302656
2607,-3.581129408984275
2608,15.996935393889018
2609,14.917666300961063
2610,12.152913402409993
2611,7.363438583827403
2612,-2.192329607031259
2613,9.150398711769647
2614,-3.453836316748247
2615,1.4497135639215148
2616,0.36865136575430313
2617,-5.171800626615958
2618,-6.269888039354888
2619,-2.243423157748028
2620,19.66179461771977
2621,76.30317782091257
2622,9.015452663238658
2623,13.105182424612174
2624,-1.9318058415698918
2625,17.09587674725862
2626,12.711502871884736
2627,20.07004898475559
2628,-8.211081987453358
2629,28.40898821493589
2630,-1.1067213639815199
2631,41.105526668845435
2632,1.2564756180947647
2633,4.730849008507894
2634,3.4405653224029358
2635,16.715762934189403
2636,15.200736288445057
2637,5.564525652733767
2638,13.928342325660896
2639,8.97262312575171
2640,28.185737521304674
2641,9.665931590012224
2642,8.683053492607897
2643,-8.110569406345475
2644,3.585952348138944
2645,6.155639008584378
2646,0.336852718686381
2647,7.944024612301078
2648,3.0003402138171307
2649,7.43032674459444
2650,6.992887643761044
2651,-0.18840930496669195
2652,-7.078964845250578
2653,-10.903360552040152
2654,27.74463245224093
2655,5.927710286260858
2656,-6.2859069862483725
2657,5.51527599665609
2658,0.35910343744825823
2659,5.417367006027064
2660,9.916105848233482
2661,3.9170530332524613
2662,2.172383257227459
2663,4.153591839672586
2664,7.869610158446884
2665,9.793352292714431
2666,-3.3888627671995994
2667,-3.18590273939464
2668,-0.07514621248705389
2669,0.10761134908224168
2670,0.9656206449807723
2671,1.588577524189887
2672,9.859667411015764
2673,3.8928891525517315
2674,5.789632182935268
2675,-3.5860637092948258
2676,15.296558755757069
2677,4.904317732791149
2678,15.179748624028015
2679,13.062873588186964
2680,5.376517703878195
2681,9.440525111748968
2682,3.589562953219854
2683,7.0952745764079275
2684,20.053645174355296
2685,8.683053492607897
2686,3.3471992811988116
2687,8.97262312575171
2688,29.344905004793006
2689,26.282081582473005
2690,27.749463537994103
2691,8.054128300773533
2692,11.457006928217176
2693,10.40964105177973
2694,9.398780467466331
2695,9.174334795246494
2696,6.87625041950308
2697,-1.2506972273044923
2698,1.0536797370045239
2699,7.890969331361978
2700,-14.48375770230167
2701,10.744658211086524
2702,12.173521324739994
2703,13.523462110092389
2704,10.85089218162765
2705,6.949142188263039
2706,6.711907946416398
2707,6.333942876920176
2708,8.773468975489081
2709,3.70777013815988
2710,-5.034337551583026
2711,8.026100733653037
2712,2.9810475120970423
2713,-16.265277163379714
2714,17.320113190695054
2715,25.341697479918018
2716,-15.242328510603294
2717,10.771308926237726
2718,9.997441261830147
2719,10.039472126441108
2720,12.92418591291461
2721,-10.5808765537306
2722,15.389909511133485
2723,6.89406063963607
2724,11.849486667079407
2725,6.655305529130267
2726,3.876974062528433
2727,12.173521324739994
2728,6.895410931853657
2729,13.675810888157034
2730,16.721421538614763
2731,17.25023510395241
2732,14.559875131280148
2733,14.159691236267655
2734,24.347812274656807
2735,14.984163733757843
2736,12.067225375997051
2737,9.307145426683725
2738,10.222048014629276
2739,10.236431580052464
2740,11.75603804853867
2741,7.19182085574219
2742,9.71492460793828
2743,10.133327772617786
2744,10.09291470863441
2745,8.877239550836915
2746,-9.134730658877718
2747,12.098818247471055
2748,9.063098174371174
2749,16.338743751714805
2750,-11.719771371110731
2751,-6.50437072995156
2752,-0.8828890101380962
2753,21.301964564520684
2754,7.890969331361978
2755,-1.530937336200883
2756,11.018022370838377
2757,14.648363745906
2758,15.299643349610964
2759,15.078276474868126
2760,4.977776528386107
2761,-14.928701763281744
2762,15.078276474868126
2763,14.886046937808974
2764,9.211986386127275
2765,18.031062242020777
2766,10.085677452775247
2767,7.673495883960451
2768,6.047994522662865
2769,8.846702055050677
2770,9.632809950045395
2771,13.781913538513983
2772,13.822354545578115
2773,4.518882983104266
2774,16.840111799330067
2775,16.96588178828176
2776,8.368799131172059
2777,31.70630864398806
2778,8.366023049867096
2779,8.675808595900257
2780,15.052176252429494
2781,15.83290798581578
2782,17.428976378489434
2783,17.42682914262579
2784,-1.562971159906355
2785,-7.354584533442008
2786,-8.056072306492181
2787,-7.247242535788168
2788,-6.3932175613685995
2789,-6.057417735435218
2790,1.0180648377286499
2791,17.857264880505323
2792,17.131555555892934
2793,14.971461306925399
2794,16.012729881059553
2795,17.95400147982756
2796,12.585734408821285
2797,1.850357308779234
2798,1.850357308779234
2799,19.70776313765421
2800,19.551522255065446
2801,19.29716533865742
2802,4.977776528386107
2803,-1.3580714748148477
2804,-1.594226719370666
2805,-0.7255708468511184
2806,4.180366690890455
2807,2.9863496697996865
2808,3.0668586677181366
2809,6.493198179989765
2810,6.8073436806917
2811,10.609801103416643
2812,16.67716429160504
2813,15.078276474868126
2814,17.362651538676076
2815,11.547952939697993
2816,18.654054019106383
2817,8.138290848775455
2818,4.994373359078274
2819,23.37436573442433
2820,25.845152216270023
2821,25.845152216270023
2822,4.404765027740961
2823,10.771308926237726
2824,16.721421538614763
2825,16.500391998094813
2826,15.389909511133485
2827,13.631309742359402
2828,14.945015108245187
2829,1.452219311426214
2830,4.953456420955055
2831,0.9656206449807723
2832,13.029148801862924
2833,-4.771227559229851
2834,18.59468956470603
2835,1.3626807898422602
2836,10.697445032308817
2837,39.26775468508919
2838,4.404765027740961
2839,4.0473249356523215
2840,-2.424075628685598
2841,-3.107944457534307
2842,-1.6913309531597651
2843,18.927684339427888
2844,7.717099916208458
2845,25.845152216270023
2846,29.725926496462094
2847,25.845152216270023
2848,22.36924407543726
2849,25.55293407962045
2850,25.845152216270023
2851,26.046595372241015
2852,15.435725292138272
2853,3.8688248221333428
2854,10.72820932515014
2855,10.72820932515014
2856,10.72820932515014
2857,14.895776959535791
2858,25.845152216270023
2859,22.25220531788102
2860,10.771308926237726
2861,0.5758264036792635
2862,24.347812274656807
2863,53.93395702470516
2864,9.07958013576209
2865,33.94734425534339
2866,2.0469465170892107
2867,21.984134522598424
2868,5.0021514650430365
2869,-0.33615855589267696
2870,-0.33615855589267696
2871,17.079803047175552
2872,13.784715686028932
2873,-3.06371276691561
2874,-13.388248920748836
2875,10.588572662942362
2876,10.701617606386222
2877,-3.1662456532276533
2878,12.978906584825666
2879,13.053641383497766
2880,13.076946531044932
2881,32.192965250962146
2882,-3.044845509463558
2883,25.09799161549917
2884,25.845152216270023
2885,22.52136541127358
2886,22.10212262749211
2887,23.043660734400298
2888,21.653867334894883
2889,18.120381707819973
2890,12.464531160970704
2891,14.550562507815062
2892,11.066218409450403
2893,30.25891631427296
2894,23.99020467223792
2895,57.440731519147526
2896,15.54963958138623
2897,11.928076881667735
2898,26.955353686334995
2899,30.50271785686082
2900,2.0228170598122457
2901,-13.311474178561326
2902,2.5874922716820805
2903,5.584692167706672
2904,4.474975746562267
2905,3.6281765874634715
2906,1.2615297410762452
2907,7.8599517823176
2908,-3.9867298478248836
2909,6.1047296228835
2910,12.17960561426511
2911,5.940484699771691
2912,-3.637709681942702
2913,9.681205064235083
2914,15.37417078029403
2915,2.3342014675457854
2916,-1.73726837357919
2917,6.143615405151483
2918,2.5874922716820805
2919,17.300724658249518
2920,15.132978917932956
2921,-9.269289999837792
2922,-8.713137543938801
2923,-8.149913091932525
2924,-13.7230711531567
2925,-9.516809711904084
2926,4.197857191541825
2927,2.672821795103614
2928,1.4491158487410178
2929,17.718769026800324
2930,17.15498578637057
2931,7.310636679073793
2932,10.711271387004395
2933,-6.338477970666328
2934,2.0228170598122457
2935,14.76921578165246
2936,42.1532710438555
2937,12.448779706286388
2938,13.915983625835363
2939,10.20024395291572
2940,3.727756921660548
2941,5.898167882974731
2942,7.70216708166398
2943,10.76375300960251
2944,-0.6963729949969668
2945,-6.66555187785919
2946,-4.981231379438258
2947,25.845152216270023
2948,3.7866420196322093
2949,12.17960561426511
2950,8.754703209225397
2951,8.49718544906062
2952,9.404286674566666
2953,4.966324497391911
2954,14.973309199661294
2955,7.610621380940614
2956,18.247692482214184
2957,7.729912972247089
2958,7.65061920680424
2959,8.11410194133792
2960,8.626530918146486
2961,-1.0813531209216407
2962,10.35814664332219
2963,15.414500953956434
2964,27.505419024855442
2965,8.745101621955119
2966,9.3744573399347
2967,9.906440445070494
2968,9.997441261830147
2969,12.582743154723097
2970,14.159691236267655
2971,1.301680801038838
2972,-3.279864120263859
2973,14.945015108245187
2974,0.12344781038253316
2975,26.80827337397038
2976,58.67182636336093
2977,27.509550188916258
2978,30.516593330117757
2979,22.71038365179839
2980,-4.207403801111809
2981,23.37436573442433
2982,25.845152216270023
2983,22.654758147248323
2984,6.9098105952863556
2985,8.29732402592045
2986,26.086075659934608
2987,27.164444619177345
2988,29.475963718658527
2989,31.839112472387896
2990,21.88855799349787
2991,32.00990573058995
2992,2.39204129416966
2993,1.8302119833047836
2994,1.4209618587172201
2995,67.45408117649833
2996,2.294366995761635
2997,16.036816081685807
2998,5.087974873672607
2999,-0.3200776036139583
3000,5.294702835705801
3001,23.632833431246194
3002,10.771308926237726
3003,8.883396990526826
3004,-4.133234077021328
3005,55.32304126611204
3006,13.038204731711954
3007,3.198514496254889
3008,11.303717463775353
3009,-0.5635252271493751
3010,0.0597825208155065
3011,2.350511367758946
3012,9.261550474301554
3013,15.559769457090688
3014,16.338743751714805
3015,3.864387208893179
3016,10.20319655092517
3017,13.475859087534438
3018,15.278846475504729
3019,22.300649599156152
3020,15.793308032790677
3021,9.491940260115705
3022,9.240681276290506
3023,6.966169094885519
3024,1.0180648377286499
3025,28.21571603299543
3026,15.399068714337265
3027,19.52060151985149
3028,20.489628646099042
3029,12.56213139466223
3030,12.149229441347018
3031,4.535520791257767
3032,26.43900296672362
3033,27.363373091455273
3034,-6.543001003360035
3035,-8.01200537216215
3036,12.702457412154178
3037,26.095191117942328
3038,22.84405334998396
3039,31.809747122251892
3040,10.218401633958951
3041,10.792304329137199
3042,12.053207770921123
3043,11.499209571158172
3044,15.200897026028827
3045,23.745867442775435
3046,24.330977426958746
3047,15.99418219108502
3048,23.240847093327282
3049,19.681787038437182
3050,23.689649754487075
3051,-15.80334682187712
3052,12.264740419550005
3053,1.3985995634097925
3054,16.269612401429526
3055,8.416969976599269
3056,2.4850311987405416
3057,2.4729618581766015
3058,9.591881830928426
3059,14.917666300961063
3060,2.441120137120947
3061,5.749419262335671
3062,-2.5225796045737496
3063,4.237583425202049
3064,18.2132282808388
3065,-8.697029595370381
3066,4.121678990689013
3067,4.916715933347149
3068,3.5497961785764893
3069,-9.619671014994282
3070,-15.402895449136793
3071,-16.143259176405515
3072,-9.53805294997127
3073,-9.57415101584855
3074,11.166371023051038
3075,7.423730407895594
3076,14.499524509778578
3077,-7.0718418237019645
3078,6.9655977020701645
3079,5.810412435678636
3080,11.772119622490496
3081,15.026498681551391
3082,1.223064588080458
3083,7.264112438896666
3084,15.863981152858752
3085,-5.444236997333194
3086,-5.057958518645781
3087,12.747777834362516
3088,8.45037636710774
3089,7.452685960740251
3090,5.766579192832962
3091,-3.55949378296856
3092,-5.057958518645781
3093,6.049670444153941
3094,-4.23169037666726
3095,10.287671628481924
3096,6.567089915917482
3097,12.499810264585022
3098,4.1740948876322825
3099,-1.674137636149526
3100,-16.03478763184901
3101,-9.421651732108119
3102,7.266161243558319
3103,21.355769760894393
3104,21.058343563975086
3105,-2.845348749215476
3106,-4.555095305855286
3107,9.767318765283864
3108,9.375760408024398
3109,5.994254386631441
3110,-3.692391289970587
3111,-2.435542298728598
3112,1.12755604351152
3113,-8.365841283815048
3114,-7.465072956800837
3115,-3.691402039291841
3116,-10.033668751778553
3117,10.402245209488505
3118,8.49203665195229
3119,-7.042278881121862
3120,-3.4998948970726245
3121,10.134291588158767
3122,-3.0269503338300368
3123,8.134098420458985
3124,19.72368589205291
3125,16.908000248982567
3126,4.237583425202049
3127,5.086028110309488
3128,1.2932747534637379
3129,11.481019776864432
3130,6.686844793380514
3131,-4.671041075390843
3132,-13.789832887028977
3133,-9.632173355467932
3134,-9.28864016513231
3135,-5.237094649981607
3136,-0.008559199821512209
3137,12.55037716139509
3138,6.929099923291135
3139,8.287086343413202
3140,12.609152198840775
3141,18.680087548250395
3142,4.578131110446147
3143,5.979284133365722
3144,-0.49905668116175317
3145,12.448779706286388
3146,6.263123146784203
3147,8.960921916813792
3148,-3.7444724883290155
3149,6.248979558820377
3150,1.12755604351152
3151,-0.7851208274097115
3152,-4.757216077457716
3153,-5.330571375921005
3154,1.2575044658959627
3155,5.956774943204458
3156,-6.045960439841474
3157,24.12305443994362
3158,9.291721948580719
3159,9.095788887206005
3160,-4.779762557414734
3161,-13.4732529945146
3162,2.4236463895839773
3163,6.47476939606722
3164,2.236658663437888
3165,2.8353116602969646
3166,-1.0462182569543614
3167,0.27529806458216655
3168,-2.4282380234249477
3169,7.727227695214472
3170,0.1774650070595145
3171,8.042945728219465
3172,-4.911509043969744
3173,5.254395986234497
3174,2.996680422066749
3175,-14.997707922400636
3176,-10.33379094051666
3177,26.66971674495089
3178,12.399731814050373
3179,3.426417732468913
3180,10.985246713063447
3181,11.27565800227141
3182,11.370475423045953
3183,7.891948398497796
3184,6.649375853014627
3185,5.670182455570719
3186,7.68479982090037
3187,22.773082190032653
3188,10.956085284722562
3189,9.293276022021391
3190,5.939375981975177
3191,5.165565826538771
3192,12.901480465038443
3193,7.561259727488929
3194,8.183407807140911
3195,3.2439883777242056
3196,6.230747087236757
3197,5.107135465322385
3198,13.043717333886068
3199,10.183122526883263
3200,4.703472193344174
3201,7.394500906247728
3202,13.853919179606734
3203,6.773104179625349
3204,8.032080345119489
3205,-1.317247021657436
3206,-7.844264304365387
3207,1.9531516100111137
3208,4.276571050037923
3209,1.0182659736670079
3210,3.73587131481435
3211,4.290662643205735
3212,5.766579192832962
3213,-0.6508623283507236
3214,0.10761134908224168
3215,0.16761462886292922
3216,5.424933870440826
3217,14.99795543532797
3218,13.93110963267231
3219,14.361104553546205
3220,14.510029426019944
3221,-6.197345107664762
3222,-5.954042691013979
3223,-0.6399133132510704
3224,-9.913553088364113
3225,16.81489351450606
3226,15.70036398814602
3227,18.0725943221056
3228,7.018850806722721
3229,6.644424699484732
3230,0.41687974434763664
3231,8.885824768661305
3232,4.539500409449525
3233,0.9612725632153669
3234,0.3193409802451468
3235,-1.6339734090611246
3236,1.7060769643082594
3237,5.4177432051619245
3238,4.593410657556875
3239,3.8988322947012897
3240,17.647558499298103
3241,23.590169498093985
3242,23.37436573442433
3243,21.88855799349787
3244,10.219472895724738
3245,2.9810475120970423
3246,0.8288352885595813
3247,1.3528861683031081
3248,3.251342124800262
3249,8.313108711471425
3250,2.0228170598122457
3251,-6.087668549201452
3252,-6.979369050147579
3253,4.508692042509763
3254,4.615888726398255
3255,7.165889629985978
3256,3.044512332571612
3257,-2.871379250258066
3258,8.146174293469905
3259,9.649545251430773
3260,-0.7851208274097115
3261,3.32155284446889
3262,3.8943620873447866
3263,7.121848474901908
3264,0.45751156990835806
3265,8.639159535633564
3266,3.5376816112644818
3267,14.71215137669423
3268,5.21650306679955
3269,-3.8739834388019148
3270,20.690509166793667
3271,28.40898821493589
3272,14.094418503231662
3273,-0.07514621248705389
3274,1.759645361484706
3275,2.0915112943494414
3276,-4.306486782420384
3277,-3.560703603427866
3278,-2.582018977441627
3279,2.0639495316438605
3280,-0.051436802752826694
3281,-0.7612104456356574
3282,15.294587297804718
3283,-0.07514621248705389
3284,3.2832487007970776
3285,3.6281765874634715
3286,27.645426175836228
3287,31.967505271595677
3288,10.025939344429432
3289,-2.2946030368398294
3290,-16.02233859260351
3291,31.017592487684674
3292,4.075566019923652
3293,-2.7052376693373263
3294,-9.061027892029697
3295,7.752169130887356
3296,2.9080593959623577
3297,12.5454899096203
3298,2.4916877949257774
3299,4.110859080024456
3300,15.044832388755712
3301,3.3498809533708815
3302,9.239372213513398
3303,4.4443147565760395
3304,6.6079542855258335
3305,4.743778553469424
3306,4.1397958656957705
3307,3.3498809533708815
3308,1.116627483220256
3309,0.789941933688004
3310,15.245726029592578
3311,-2.9601140797475587
3312,-1.0102626348868098
3313,15.245726029592578
3314,12.99126761056553
3315,-0.6709516703925358
3316,2.1558689271868285
3317,3.0595649601633603
3318,4.149718200401031
3319,1.0134236031978805
3320,1.5457298431942377
3321,1.7430108346989055
3322,1.4484433044522032
3323,23.972177308152943
3324,19.419282270694914
3325,15.406348793959697
3326,15.406348793959697
3327,0.6159816117910424
3328,-8.97572196087691
3329,-3.511398689911804
3330,1.1508028102496812
3331,20.341983896230012
3332,20.341983896230012
3333,4.229312371789856
3334,2.6507517267795
3335,-17.026217704895824
3336,5.222066769555806
3337,6.05754544341729
3338,-3.3001844253781814
3339,-3.8403560889710957
3340,-3.342311576422726
3341,-2.101163968071325
3342,5.03544026426642
3343,6.853184768577043
3344,13.138965226686985
3345,12.905671562792548
3346,12.951667496938573
3347,21.291367909373697
3348,1.4528759871974515
3349,0.6266871913834482
3350,-0.5007599241825131
3351,28.98261773156863
3352,0.9987776268806918
3353,9.071389409443622
3354,8.333474522135441
3355,-1.317247021657436
3356,-2.3275093255820414
3357,-17.50247197403626
3358,19.461031527244685
3359,6.698067941297378
3360,16.399727989477718
3361,-17.504145282506173
3362,-17.44281226649043
3363,-25.97110711180908
3364,-15.027928425447142
3365,-4.037944639702051
3366,-4.088528214502781
3367,-11.443380605712983
3368,-10.325532495091554
3369,-9.684743870709704
3370,-9.433311625374078
3371,-11.443380605712983
3372,3.5498945181886796
3373,7.260680975423382
3374,4.348628234204856
3375,0.2777300476056874
3376,11.459370131118614
3377,2.760177522615514
3378,10.925855812716065
3379,-2.9140059404627108
3380,-4.398127785967178
3381,-5.0839529762869695
3382,1.3370203906398999
3383,26.011658417094544
3384,19.075850235135253
3385,7.509665985211292
3386,12.145250799312908
3387,3.0140485853025876
3388,3.7866420196322093
3389,2.4998455933364294
3390,4.031646201834571
3391,98.63099350654355
3392,99.8558139152997
3393,100.10194814691886
3394,97.1038700410868
3395,25.346994757969092
3396,27.478369683819906
3397,14.079392027703662
3398,-15.16311506326456
3399,-13.491703328831655
3400,38.73032249191282
3401,20.704812352734418
3402,21.477556693770435
3403,13.285644812142493
3404,97.49527643634309
3405,101.20431143397329
3406,68.74020645700972
3407,68.81434756041656
3408,68.93447935163272
3409,69.14926969574034
3410,9.507105450043678
3411,24.033749013784135
3412,23.57903348457374
3413,55.17760714862555
3414,9.528849450825657
3415,-2.512369418447973
3416,14.101241049617634
3417,1.1838521762883012
3418,-6.404710712900213
3419,0.10761134908224168
3420,10.712612934722504
3421,14.278014916854282
3422,9.741275981005884
3423,17.337269409677877
3424,0.44441729356471527
3425,-2.4698538547378464
3426,9.181405673022198
3427,10.578672588008143
3428,11.540171553250548
3429,-7.252353645560106
3430,-2.987457348633315
3431,2.819171710124131
3432,3.7087102210963767
3433,4.0138742610349105
3434,23.941710268296113
3435,14.116680799779363
3436,-29.173035903435675
3437,11.952208451184582
3438,14.496333014195265
3439,12.48244924426179
3440,9.528849450825657
3441,12.183773020323233
3442,27.664550712745744
3443,9.991198573995316
3444,10.350984753789344
3445,-12.56655618437273
3446,15.66458426002174
3447,62.72235772307035
3448,117.47385682051106
3449,12.607066433335405
3450,11.761957717507045
3451,8.429227228725795
3452,102.15555489094919
3453,70.4891415660565
3454,65.41141013240855
3455,99.03895192967298
3456,97.49525547632922
3457,98.03033311308877
3458,0.5397144631741622
3459,0.7147914087435723
3460,9.891429518304065
3461,8.720783182782242
3462,-3.5338969907450553
3463,22.083125863065774
3464,22.135011031785535
3465,11.118207254330613
3466,12.88147089703672
3467,-6.459815233231444
3468,-1.3502637092272067
3469,-7.117961281536802
3470,9.628658938813668
3471,76.65243844469279
3472,106.54067163609852
3473,22.649777860990838
3474,23.817897734488056
3475,12.428310583002585
3476,16.61358539994486
3477,2.6004394698188396
3478,-2.223714392742105
3479,12.984195106478001
3480,12.454338533329
3481,101.69458956443987
3482,14.917180889544198
3483,-1.6482821062127009
3484,0.13066353255000163
3485,25.897950701147614
3486,47.3902062162471
3487,48.057111839648805
3488,2.350511367758946
3489,29.16102795980364
3490,3.2832487007970776
3491,34.82840656780413
3492,33.80042572489181
3493,31.58606477599146
3494,30.53531220096162
3495,13.49018679980458
3496,16.953678154023837
3497,27.031027677002243
3498,29.588823255293107
3499,8.181651195808401
3500,10.32769551386846
3501,24.645093927120577
3502,27.031027677002243
3503,11.546862205886452
3504,7.8599517823176
3505,3.9746605873189207
3506,20.40251696058405
3507,2.350511367758946
3508,61.29254372294411
3509,58.528518241535046
3510,8.10044987024183
3511,2.8341015203584945
3512,10.064304822284377
3513,6.853466374725242
3514,11.585217484462415
3515,10.502048026640583
3516,4.859189028841115
3517,13.669716538346059
3518,6.312875809284895
3519,117.47385682051106
3520,31.428216421901986
3521,64.53564666254013
3522,25.406623166598884
3523,23.633584173410558
3524,22.56545719512067
3525,22.010496129087063
3526,18.864278515121264
3527,19.156118814798422
3528,21.576897699632582
3529,20.75943131583195
3530,20.596547749617564
3531,19.745439175244197
3532,17.882031796639065
3533,40.82748264311952
3534,29.588823255293107
3535,21.88518683136648
3536,35.42982175429901
3537,11.585217484462415
3538,29.588823255293107
3539,38.9224176948102
3540,11.12077752203762
3541,20.018638012365358
3542,9.75127271691765
3543,12.17960561426511
3544,19.877861563491386
3545,8.741979912824142
3546,-2.804404075271597
3547,6.687228016610968
3548,2.958858293957933
3549,71.94244131175509
3550,75.45128608480547
3551,72.30461801245701
3552,72.060720858742
3553,16.728430883082968
3554,62.03237907098292
3555,61.812332591460624
3556,4.465991064778638
3557,18.60825038169412
3558,12.727989746635952
3559,18.577528109890732
3560,18.740155405703963
3561,-3.5482772806036493
3562,-3.352321625191623
3563,5.350215766903526
3564,8.453188606718486
3565,36.7839338984857
3566,0.5228247456609427
3567,43.61733288867021
3568,47.630515645470105
3569,7.471181658187717
3570,6.5183708999052286
3571,-2.68072093603206
3572,-1.9911573525795614
3573,32.265913188033714
3574,28.14674783780051
3575,23.594910365576645
3576,6.842883875797606
3577,8.995196425494981
3578,20.231642977079062
3579,21.05125366125378
3580,5.564228089683205
3581,28.14674783780051
3582,22.484143752807753
3583,33.33482866939734
3584,17.426319035743507
3585,27.812838115270324
3586,8.960921916813792
3587,12.893755481070855
3588,17.66828289496527
3589,19.465635532532374
3590,20.149828592165154
3591,118.23328517978302
3592,100.34419430978505
3593,22.897477454684314
3594,5.581267558209097
3595,11.740267469081068
3596,20.085401976237513
3597,10.806068855129165
3598,12.500823438433848
3599,8.162271194410161
3600,15.446495898482308
3601,10.806068855129165
3602,36.16012107683879
3603,19.829963432514766
3604,19.014046644892524
3605,22.54570186537573
3606,16.61358539994486
3607,17.436782667251983
3608,11.510645241249609
3609,14.41347024589325
3610,8.453188606718486
3611,9.0735057463909
3612,5.1373518955219755
3613,9.970616732431765
3614,6.540060128296551
3615,3.419789639806625
3616,1.483295260923006
3617,5.014311214111448
3618,32.265913188033714
3619,22.308720654048724
3620,25.19294956192784
3621,22.382493556147644
3622,25.25409495987222
3623,29.588823255293107
3624,9.970616732431765
3625,20.149828592165154
3626,7.585608407695654
3627,-6.140339492138206
3628,6.707906160634323
3629,13.11198859490068
3630,19.498179028770842
3631,5.1373518955219755
3632,7.182083559253131
3633,5.446112700208296
3634,7.667640819002292
3635,19.469506006200064
3636,34.82840656780413
3637,70.71622450373806
3638,68.4417043300862
3639,68.70631898723946
3640,63.09943959187434
3641,65.75306482955187
3642,21.935071756094217
3643,86.49147467471798
3644,11.506413789816452
3645,11.342073905514557
3646,11.758826205975375
3647,43.618794777408006
3648,31.685146846334924
3649,19.215202710369972
3650,24.544473305315254
3651,-0.2921857468622857
3652,0.10761134908224168
3653,2.8604550919753535
3654,-3.752094886750616
3655,3.7365301928280292
3656,13.843605142476399
3657,-3.752094886750616
3658,-7.069178742757071
3659,16.999448782527622
3660,18.896683293022367
3661,19.829963432514766
3662,23.538370941986948
3663,5.3117232619103945
3664,99.98362242306868
3665,14.550425091960246
3666,15.045378361379083
3667,14.263006223287903
3668,67.73732807822003
3669,6.308795519003938
3670,6.900615803837374
3671,5.840992053287112
3672,-15.753106420990934
3673,-1.7947579000548535
3674,28.705033136281003
3675,-2.0062349330868257
3676,-2.8263381066422326
3677,23.496723547895996
3678,20.230956039822257
3679,17.586203037086438
3680,20.82519529914264
3681,11.47976558037973
3682,15.3675098719476
3683,-2.042962054992487
3684,6.621850208475152
3685,5.940484699771691
3686,6.621850208475152
3687,0.11308052408983293
3688,1.2552397759185219
3689,1.3433827822121192
3690,7.8599517823176
3691,4.685534100381712
3692,4.488257568184686
3693,4.386897050525839
3694,4.0473249356523215
3695,7.0520959628245805
3696,9.663980250668885
3697,5.144535634816677
3698,4.169585509179473
3699,22.49355255519591
3700,25.318227322729356
3701,47.03607413744681
3702,-6.20444782813604
3703,-2.952466495785618
3704,24.054421525957096
3705,22.677589349453836
3706,11.645543733129394
3707,11.405329553690613
3708,9.710042227174501
3709,3.7088465008464055
3710,-2.1491417812183666
3711,5.376517703878195
3712,9.0735057463909
3713,19.753394042471623
3714,19.64071429669184
3715,19.972906669502876
3716,15.998091475129947
3717,16.086995895790338
3718,19.406167266058606
3719,5.094360608143527
3720,-3.258842451832969
3721,21.49362625632986
3722,22.19893007526413
3723,-19.88243828121021
3724,-16.733233869861508
3725,0.48037421780955647
3726,18.578582227403984
3727,18.578582227403984
3728,18.99115198706817
3729,11.241967046111576
3730,18.717167014262508
3731,10.763850730177644
3732,62.475498762154224
3733,23.565347370322527
3734,29.267323377758345
3735,26.457560114476877
3736,28.51928989301191
3737,21.867108717574947
3738,2.5440202574498567
3739,2.3463030986502407
3740,5.9339216842795075
3741,103.34036771456232
3742,29.791389724631905
3743,11.785030614464912
3744,19.469506006200064
3745,23.047570067353956
3746,21.926205893810028
3747,21.082700825282892
3748,22.55378643774703
3749,23.125318891362678
3750,21.982717485516023
3751,22.885128508130606
3752,24.067319704787657
3753,26.23856663868645
3754,42.306648375748615
3755,59.44273137243976
3756,61.877648223944355
3757,4.175376394878452
3758,18.263425409915985
3759,-2.68072093603206
3760,3.9845182534725936
3761,14.50621616772905
3762,16.721421538614763
3763,11.306370459567368
3764,9.736517889964492
3765,19.81606469420816
3766,38.947578318733015
3767,18.798796399860365
3768,4.336781426978906
3769,4.336781426978906
3770,4.336781426978906
3771,11.758826205975375
3772,9.09997054920117
3773,29.210769605126416
3774,19.616316563122535
3775,27.812838115270324
3776,10.901727393274875
3777,10.02623467086621
3778,18.299745652487545
3779,19.459594602013095
3780,20.134404636100648
3781,20.975876556899863
3782,-2.404243367317439
3783,22.029743490472743
3784,18.369851129149872
3785,19.39179413199652
3786,22.872052945509843
3787,7.448605626234809
3788,9.310846840026667
3789,33.6982478750755
3790,16.75593939476464
3791,11.030060655651411
3792,18.720767536975217
3793,12.606528076466518
3794,8.516228369127072
3795,16.378462799223538
3796,10.5567171926706
3797,11.143054228668937
3798,14.242799232696921
3799,8.764797807078583
3800,3.512318972405735
3801,16.721421538614763
3802,-3.8521179485240067
3803,19.498179028770842
3804,9.818283867425013
3805,1.635564241882749
3806,1.868140478524765
3807,2.4825587042802617
3808,17.932054842954614
3809,4.465991064778638
3810,93.14137191734397
3811,93.33596480450953
3812,63.26338648498814
3813,66.88398166854074
3814,77.78275953113163
3815,68.9375425854827
3816,77.81576973733985
3817,89.87428043969854
3818,93.7019263639441
3819,51.240994792546566
3820,19.23608076719448
3821,24.008442503704448
3822,-4.726942083414848
3823,19.12021628534979
3824,29.377317191004806
3825,-2.512369418447973
3826,4.554165303261094
3827,17.51807823696424
3828,0.9656206449807723
3829,0.9656206449807723
3830,-2.0682215130650157
3831,16.61358539994486
3832,20.975876556899863
3833,5.087974873672607
3834,8.122894531942748
3835,7.443895224249122
3836,6.841330024841451
3837,5.776723487370639
3838,-0.15504734232854567
3839,6.245896223062047
3840,-21.43386943903204
3841,-18.313861583289512
3842,-8.409038003517598
3843,2.1916725420229763
3844,9.860565347971509
3845,19.73735199089939
3846,31.469363007798023
3847,12.606528076466518
3848,60.07979843712467
3849,58.453275638493714
3850,19.574731629802343
3851,14.611206610057547
3852,18.89346267317272
3853,25.37779822872305
3854,7.204657818602943
3855,55.85814175106566
3856,-12.56655618437273
3857,18.437257058547587
3858,21.873553341733725
3859,19.504832377248718
3860,9.0735057463909
3861,18.74962377375936
3862,15.730012790307612
3863,12.606528076466518
3864,25.845152216270023
3865,28.046583553548857
3866,27.11967160469019
3867,18.728416357176673
3868,8.659510902189595
3869,13.663621751974517
3870,24.854296346566606
3871,1.8489207837458643
3872,2.8935222056605134
3873,-10.977221993548465
3874,15.5012300068977
3875,14.324860227230932
3876,25.861496693627075
3877,9.246355626526952
3878,16.464165724456468
3879,5.95328266405016
3880,6.707906160634323
3881,7.003672764348284
3882,26.905431319239483
3883,74.27317201466423
3884,70.14980202286907
3885,69.73734613297992
3886,68.8902842800259
3887,68.46300235155653
3888,7.0244781977853386
3889,70.24276742228164
3890,69.96248166678396
3891,19.95886868609309
3892,31.33959795090849
3893,31.113450451188307
3894,38.550777806206824
3895,13.175413497693263
3896,16.514408244010596
3897,8.048126094828312
3898,9.552970089778402
3899,19.449741578547442
3900,7.518862143046141
3901,7.518862143046141
3902,18.166951945557585
3903,24.478117745345926
3904,21.82614310197667
3905,9.222471514850238
3906,7.0244781977853386
3907,5.064691763636191
3908,3.4706146926292547
3909,17.12758229980271
3910,9.318572034916752
3911,21.27172114146381
3912,22.404784064708526
3913,23.14841173426449
3914,19.340222109938576
3915,29.135711117060985
3916,-2.408941362970844
3917,7.739907238966902
3918,0.8300419747039509
3919,3.546997811305504
3920,3.9164818804849926
3921,-9.362121817958599
3922,3.44561511979167
3923,26.887834655338068
3924,23.733674546452875
3925,10.81658216799578
3926,10.557077914392973
3927,10.891357815988151
3928,74.30378550178833
3929,104.77249068091533
3930,43.70995465711199
3931,41.40141404471586
3932,40.20141786653066
3933,42.186063080082484
3934,9.622439001916874
3935,12.984351433439336
3936,-16.678613873521876
3937,97.0729863466859
3938,96.53487666039453
3939,0.01787642652856203
3940,22.840630667514528
3941,8.650921137771
3942,19.400541324419347
3943,19.753394042471623
3944,16.659272359101486
3945,14.988769754404728
3946,25.05462753599732
3947,21.755968797553326
3948,20.094787345915474
3949,-3.044578041776207
3950,-2.944246006581091
3951,9.934610846338256
3952,-3.4801187963828357
3953,19.71315005113376
3954,-1.854396665068549
3955,11.4755959592432
3956,15.144034368587548
3957,14.638703786725891
3958,12.62845270049623
3959,4.465991064778638
3960,18.459630839365644
3961,19.498179028770842
3962,19.60575689005409
3963,18.57110914001221
3964,-1.8071077114683876
3965,8.612218877923475
3966,21.390109137067558
3967,19.68186055067588
3968,1.3299706477073467
3969,16.358513221538896
3970,19.916057137775677
3971,27.812838115270324
3972,9.1190937437134
3973,8.175153353079004
3974,-19.3573313625402
3975,2.848842569292435
3976,4.26860757283468
3977,26.329839943619717
3978,27.580224393561657
3979,29.101072614341156
3980,31.050297112756482
3981,6.890800835187973
3982,-2.512369418447973
3983,-10.017114726558901
3984,1.3058310344761068
3985,8.340412593243357
3986,0.09683616286253738
3987,-0.25043147640702657
3988,29.617873689591733
3989,24.63942813889409
3990,29.750042629342502
3991,10.891357815988151
3992,25.38470755179072
3993,29.742981464113598
3994,9.13366181764248
3995,23.613049999893164
3996,-0.8712118994069673
3997,4.817600949914993
3998,-4.364200160113939
3999,-3.693344761572247
4000,90.28660620603856
4001,0.2224930160088432
4002,8.633702797224103
4003,8.599424442272568
4004,8.076734707222984
4005,6.442529497774299
4006,19.280437514872673
4007,7.022835950115953
4008,12.761683189271842
4009,8.267952544304277
4010,16.570095369023974
4011,17.67449844182395
4012,24.798070082502463
4013,7.27700120029955
4014,13.414444053842463
4015,-9.247132942014424
4016,-7.543223654548086
4017,25.845152216270023
4018,14.337613568647193
4019,1.5107062357535401
4020,1.446846720777021
4021,1.3984725192057041
4022,16.260244859329404
4023,38.542827791432615
4024,-6.995792102780316
4025,5.301181655277961
4026,1.2728947291957553
4027,9.916105848233482
4028,1.2689813848910472
4029,28.88481195895411
4030,3.3563322223199368
4031,9.13366181764248
4032,23.02868357590956
4033,23.447113515821904
4034,5.2916454731770255
4035,5.222957943527007
4036,6.320877709049263
4037,11.347507700582184
4038,-1.943115360173847
4039,-5.747355729399329
4040,5.938419339031521
4041,21.36142898436376
4042,30.91021404649066
4043,33.153897999725004
4044,69.17144498189472
4045,13.658857007423155
4046,21.674320664522977
4047,-5.564840142117463
4048,0.9965205571841071
4049,-2.9930259487830213
4050,21.355318020852565
4051,25.32358547892371
4052,15.327931082607051
4053,9.036743630793072
4054,-0.04032380315185158
4055,30.99129335327224
4056,6.707906160634323
4057,11.676464156154317
4058,11.97379794091276
4059,11.758399676615447
4060,10.096562238962889
4061,45.304193692780466
4062,3.415756300341801
4063,-2.6334744101123917
4064,4.280782888356466
4065,2.7818179860224266
4066,4.932948172777534
4067,2.4987911907731633
4068,-1.7002099549068
4069,19.31249974847148
4070,9.13366181764248
4071,22.267445264773016
4072,21.944119307558765
4073,22.725295034793444
4074,14.076512114269402
4075,-1.0225506653814715
4076,-1.6788915407447176
4077,9.40111808733127
4078,9.105896725077347
4079,12.40222002294438
4080,11.97379794091276
4081,11.234854736736125
4082,11.189505282166603
4083,15.667857557957639
4084,17.096452690443165
4085,16.380732905182327
4086,34.07905638977145
4087,33.992297679644075
4088,9.091839716751313
4089,60.59278830101852
4090,19.648444397601565
4091,17.333595256162
4092,16.54518809459974
4093,20.563638695286645
4094,5.5181718817600025
4095,11.127233892596788
4096,7.148429488362067
4097,8.967074416415908
4098,30.68613319328056
4099,14.552810748504331
4100,15.782764548563087
4101,12.302343341206427
4102,23.351851943710788
4103,18.834766781838795
4104,20.563446055539092
4105,20.032259585177318
4106,21.205171503639363
4107,20.039824147555148
4108,21.128260556772567
4109,-1.6231552117989523
4110,11.474280911717063
4111,9.417084080481871
4112,35.89993647690995
4113,6.424421744218844
4114,5.477218179192079
4115,44.02471482208748
4116,2.353685667120807
4117,45.52058913818499
4118,23.459737383605106
4119,8.884090306784792
4120,-1.6810023181457723
4121,5.576279989681961
4122,12.183773020323233
4123,8.884090306784792
4124,10.408019364514931
4125,30.398107693611912
4126,21.676009090296056
4127,21.5910002302221
4128,11.127233892596788
4129,16.93915476812201
4130,20.184791704503642
4131,21.49362625632985
4132,31.685146846334924
4133,21.152447870490164
4134,7.463990283502577
4135,23.626092882913834
4136,20.892785933406135
4137,69.5024401755737
4138,6.249208492405854
4139,6.527923008548138
4140,7.028856678852701
4141,3.1040672502605346
4142,10.817478522912456
4143,16.292639062130316
4144,9.615069069163628
4145,13.005059391607684
4146,18.219080590921983
4147,7.549898413807403
4148,11.234854736736125
4149,15.667857557957639
4150,12.341964805010512
4151,10.891357815988151
4152,12.702457412154178
4153,4.124371025122528
4154,-0.007594648069288112
4155,1.1756432560353645
4156,45.81037229826647
4157,3.5120189233016905
4158,0.5411798304877973
4159,2.802109071855849
4160,14.684761395508069
4161,14.347537604868585
4162,5.4218034868000355
4163,8.884090306784792
4164,-5.872532871564507
4165,-0.9663579903190751
4166,25.38470755179072
4167,-0.8881543800189089
4168,16.321678651551473
4169,19.467743066815203
4170,13.602510041576267
4171,13.182848219720157
4172,12.580288564964007
4173,11.963589785776133
4174,2.0074461073714467
4175,3.251978476190141
4176,26.36057371631206
4177,19.29653038442602
4178,28.60375007209199
4179,10.557077914392973
4180,27.697404502104085
4181,20.01105307366864
4182,20.78221692317748
4183,21.223129346846008
4184,45.95775806353955
4185,49.27982216038754
4186,23.337742271765194
4187,23.263527186953606
4188,18.57110914001221
4189,19.837648837758774
4190,25.37567279189372
4191,20.032217177936058
4192,7.619393582146513
4193,12.013409798174997
4194,10.444873867800666
4195,27.99235759279381
4196,-10.020199534327357
4197,-8.95979103286448
4198,-3.788071543704815
4199,18.459630839365644
4200,4.647223462202957
4201,4.254408907244809
4202,-1.2980762613311247
4203,0.9109885530147253
4204,30.486525794086056
4205,24.027684903938084
4206,23.943962071855832
4207,23.28480927676501
4208,22.837445840729465
4209,114.02770240998598
4210,110.3802389124842
4211,-12.016287695887748
4212,12.11758541380917
4213,-1.2987796791325845
4214,-0.3200776036139583
4215,5.905783877151684
4216,6.533736495208389
4217,7.09525037262301
4218,7.619393582146513
4219,29.210769605126416
4220,17.597100832153707
4221,32.5760067739052
4222,3.2853846155275583
4223,23.100001229555296
4224,18.58680530290058
4225,2.9810475120970423
4226,0.8288352885595813
4227,0.9976310535999993
4228,25.102056483908278
4229,8.482332457848408
4230,7.27700120029955
4231,-2.5837530445205674
4232,3.3056649752349703
4233,-2.987457348633315
4234,-4.301644927875376
4235,5.814653193867144
4236,18.894235403311466
4237,18.667230330227216
4238,18.96310649123507
4239,19.782334154480388
4240,1.3783214101177226
4241,0.2499200092125422
4242,-2.097055087267716
4243,6.073856730226597
4244,4.043907699085285
4245,2.069289997350964
4246,17.591669083183277
4247,15.655387385016681
4248,15.757331041877105
4249,2.4101176278667253
4250,0.15656144204304034
4251,18.548994645636746
4252,18.548994645636746
