img_name,PSNR
100090_1.png,29.867931
100090_2.png,27.847286
100090_3.png,27.88389
100090_4.png,28.379967
100090_5.png,30.250372
100977_1.png,29.334068
100977_2.png,28.009027
100977_3.png,27.968592
100977_4.png,27.833082
100977_5.png,29.730537
10114_1.png,28.017178
10114_2.png,27.989338
10114_3.png,29.071434
10114_4.png,28.256924
10114_5.png,28.834291
101223_1.png,29.53247
101223_2.png,27.693428
101223_3.png,27.863768
101223_4.png,27.80636
101223_5.png,29.885525
101936_1.png,29.206131
101936_2.png,27.96453
101936_3.png,28.05079
101936_4.png,29.296045
101936_5.png,29.082521
102159_1.png,30.96437
102159_2.png,28.014378
102159_3.png,28.859291
102159_4.png,28.885267
102159_5.png,31.04619
102912_1.png,29.904707
102912_2.png,27.897453
102912_3.png,27.971241
102912_4.png,28.653448
102912_5.png,29.144716
103030_1.png,30.00104
103030_2.png,27.957495
103030_3.png,28.095566
103030_4.png,27.716772
103030_5.png,29.48183
103114_1.png,28.930838
103114_2.png,27.989391
103114_3.png,28.132793
103114_4.png,29.577984
103114_5.png,29.347647
103122_1.png,30.281616
103122_2.png,27.973713
103122_3.png,28.00898
103122_4.png,28.929413
103122_5.png,29.823017
103723_1.png,29.89133
103723_2.png,28.163845
103723_3.png,28.073622
103723_4.png,30.147394
103723_5.png,29.747267
104091_1.png,29.069244
104091_2.png,27.892693
104091_3.png,27.926308
104091_4.png,27.827688
104091_5.png,29.544548
105040_1.png,28.98852
105040_2.png,27.88337
105040_3.png,27.950953
105040_4.png,32.451183
105040_5.png,29.231972
105480_1.png,29.04583
105480_2.png,27.948805
105480_3.png,27.884546
105480_4.png,28.332247
105480_5.png,29.16468
105783_1.png,29.18102
105783_2.png,27.882856
105783_3.png,27.940325
105783_4.png,27.80015
105783_5.png,28.776491
10705_1.png,30.386368
10705_2.png,27.868626
10705_3.png,27.92912
10705_4.png,27.667154
10705_5.png,29.335857
107427_1.png,28.98681
107427_2.png,27.715656
107427_3.png,27.903767
107427_4.png,28.146746
107427_5.png,28.197884
108425_1.png,29.774553
108425_2.png,28.036386
108425_3.png,27.894588
108425_4.png,27.931618
108425_5.png,28.985922
109532_1.png,29.309797
109532_2.png,28.671242
109532_3.png,28.780737
109532_4.png,30.15378
109532_5.png,29.103567
111706_1.png,29.704237
111706_2.png,27.965097
111706_3.png,27.948578
111706_4.png,29.89346
111706_5.png,29.65103
111811_1.png,28.977266
111811_2.png,27.841963
111811_3.png,27.922928
111811_4.png,29.03985
111811_5.png,28.478313
113860_1.png,27.574375
113860_2.png,27.850113
113860_3.png,27.73667
113860_4.png,29.946728
113860_5.png,28.053995
115721_1.png,28.152563
115721_2.png,27.783659
115721_3.png,29.023962
115721_4.png,26.490519
115721_5.png,28.357994
115752_1.png,29.42372
115752_2.png,27.908373
115752_3.png,28.000395
115752_4.png,28.904526
115752_5.png,29.416283
116405_1.png,28.442799
116405_2.png,27.903746
116405_3.png,27.984167
116405_4.png,28.066135
116405_5.png,28.983065
116413_1.png,28.339529
116413_2.png,28.050535
116413_3.png,28.129438
116413_4.png,29.587694
116413_5.png,29.40103
11699_1.png,29.656952
11699_2.png,28.017447
11699_3.png,27.947262
11699_4.png,28.850655
11699_5.png,30.651218
119581_1.png,28.088896
119581_2.png,28.240475
119581_3.png,28.624878
119581_4.png,30.574434
119581_5.png,30.080198
120566_1.png,28.57149
120566_2.png,27.654673
120566_3.png,27.87077
120566_4.png,28.058184
120566_5.png,29.131823
121745_1.png,32.34607
121745_2.png,27.837854
121745_3.png,28.143284
121745_4.png,27.925497
121745_5.png,31.691784
122120_1.png,29.886305
122120_2.png,27.920597
122120_3.png,27.925581
122120_4.png,28.567715
122120_5.png,30.412325
122467_1.png,29.321066
122467_2.png,27.985878
122467_3.png,27.913437
122467_4.png,28.330378
122467_5.png,28.636047
124995_1.png,28.571619
124995_2.png,27.990484
124995_3.png,28.30937
124995_4.png,29.829552
124995_5.png,29.888601
125257_1.png,30.225775
125257_2.png,27.835064
125257_3.png,27.941677
125257_4.png,29.777143
125257_5.png,28.323349
125829_1.png,29.634161
125829_2.png,27.643847
125829_3.png,29.2106
125829_4.png,27.890062
125829_5.png,29.18447
126631_1.png,28.859842
126631_2.png,27.718328
126631_3.png,27.909058
126631_4.png,27.379284
126631_5.png,29.657232
128675_1.png,30.40063
128675_2.png,28.028625
128675_3.png,28.046158
128675_4.png,28.12077
128675_5.png,28.89071
129587_1.png,28.855095
129587_2.png,27.918001
129587_3.png,27.910347
129587_4.png,27.973852
129587_5.png,29.26322
131273_1.png,28.829172
131273_2.png,27.880768
131273_3.png,28.06371
131273_4.png,27.977283
131273_5.png,29.15536
131416_1.png,29.042164
131416_2.png,27.994267
131416_3.png,28.000845
131416_4.png,28.28653
131416_5.png,30.444786
133464_1.png,29.667307
133464_2.png,28.136122
133464_3.png,28.05991
133464_4.png,27.903105
133464_5.png,29.390135
133933_1.png,29.584124
133933_2.png,27.952114
133933_3.png,27.97107
133933_4.png,28.64814
133933_5.png,29.276892
135410_1.png,29.902506
135410_2.png,28.098213
135410_3.png,28.120354
135410_4.png,30.491156
135410_5.png,30.731302
136938_1.png,29.536219
136938_2.png,28.069008
136938_3.png,28.160069
136938_4.png,29.091831
136938_5.png,29.919525
137809_1.png,31.27998
137809_2.png,28.180237
137809_3.png,28.141996
137809_4.png,29.034355
137809_5.png,30.701536
139843_1.png,30.554708
139843_2.png,28.033998
139843_3.png,27.95747
139843_4.png,28.283943
139843_5.png,29.553696
139856_1.png,29.339903
139856_2.png,28.007929
139856_3.png,27.988031
139856_4.png,28.538807
139856_5.png,29.550314
142665_1.png,28.91608
142665_2.png,27.79393
142665_3.png,27.803297
142665_4.png,27.975058
142665_5.png,29.15447
142934_1.png,29.984468
142934_2.png,27.910742
142934_3.png,27.878384
142934_4.png,28.590797
142934_5.png,32.10919
143931_1.png,29.789965
143931_2.png,27.979029
143931_3.png,28.141422
143931_4.png,29.395267
143931_5.png,28.88254
144874_1.png,30.997242
144874_2.png,28.111814
144874_3.png,28.883368
144874_4.png,31.007923
144874_5.png,31.11963
146078_1.png,30.066103
146078_2.png,27.787216
146078_3.png,28.327314
146078_4.png,28.798021
146078_5.png,30.111115
146127_1.png,29.485197
146127_2.png,28.065924
146127_3.png,28.112848
146127_4.png,29.200306
146127_5.png,28.833195
147042_1.png,29.479534
147042_2.png,28.03907
147042_3.png,28.283117
147042_4.png,27.509243
147042_5.png,29.364014
147236_1.png,30.007864
147236_2.png,27.962776
147236_3.png,27.995676
147236_4.png,29.011545
147236_5.png,29.381056
147556_1.png,30.078371
147556_2.png,27.86523
147556_3.png,27.939093
147556_4.png,27.479504
147556_5.png,29.622993
148067_1.png,29.04334
148067_2.png,27.892803
148067_3.png,27.993187
148067_4.png,27.908062
148067_5.png,29.431013
148329_1.png,29.681936
148329_2.png,28.049177
148329_3.png,28.009354
148329_4.png,27.830614
148329_5.png,29.59634
148910_1.png,29.805676
148910_2.png,27.998888
148910_3.png,28.103384
148910_4.png,28.394827
148910_5.png,29.715914
149376_1.png,29.269913
149376_2.png,28.825407
149376_3.png,27.879145
149376_4.png,28.271957
149376_5.png,27.309437
152499_1.png,29.69908
152499_2.png,28.117603
152499_3.png,28.522816
152499_4.png,29.936909
152499_5.png,30.605198
152598_1.png,29.367899
152598_2.png,27.978525
152598_3.png,28.139183
152598_4.png,28.811684
152598_5.png,29.989088
153520_1.png,29.866852
153520_2.png,27.850508
153520_3.png,27.957355
153520_4.png,29.366285
153520_5.png,29.017525
154867_1.png,29.409397
154867_2.png,28.002428
154867_3.png,27.935522
154867_4.png,30.5854
154867_5.png,30.231678
15497_1.png,31.99738
15497_2.png,28.005798
15497_3.png,28.733538
15497_4.png,28.572657
15497_5.png,32.97378
155051_1.png,28.274467
155051_2.png,31.123987
155051_3.png,27.501738
155051_4.png,27.255507
155051_5.png,29.331018
155131_1.png,28.818138
155131_2.png,27.948706
155131_3.png,27.948423
155131_4.png,29.131184
155131_5.png,30.227701
15559_1.png,30.478119
15559_2.png,27.892916
15559_3.png,28.188389
15559_4.png,29.201263
15559_5.png,29.885235
155604_1.png,29.664171
155604_2.png,28.626862
155604_3.png,28.769573
155604_4.png,28.25805
155604_5.png,30.104729
156532_1.png,29.898335
156532_2.png,27.775345
156532_3.png,27.900043
156532_4.png,27.78278
156532_5.png,29.959455
156846_1.png,29.616428
156846_2.png,27.958473
156846_3.png,27.890963
156846_4.png,31.255238
156846_5.png,30.667315
157469_1.png,29.379826
157469_2.png,28.070951
157469_3.png,27.961668
157469_4.png,28.80341
157469_5.png,28.69069
157516_1.png,29.096205
157516_2.png,27.952036
157516_3.png,27.931484
157516_4.png,27.93877
157516_5.png,30.105202
158993_1.png,28.933073
158993_2.png,27.975292
158993_3.png,28.148005
158993_4.png,28.02313
158993_5.png,29.7277
15953_1.png,29.656347
15953_2.png,27.892475
15953_3.png,28.009893
15953_4.png,27.741804
15953_5.png,29.82525
160341_1.png,30.59045
160341_2.png,27.94354
160341_3.png,27.997454
160341_4.png,28.335754
160341_5.png,30.751074
160531_1.png,29.806953
160531_2.png,27.901058
160531_3.png,28.056366
160531_4.png,28.882008
160531_5.png,29.467985
16064_1.png,29.502724
16064_2.png,29.100615
16064_3.png,28.00496
16064_4.png,28.629457
16064_5.png,29.744175
161586_1.png,29.178442
161586_2.png,27.87837
161586_3.png,27.971498
161586_4.png,27.633661
161586_5.png,29.632462
161877_1.png,29.4595
161877_2.png,27.913406
161877_3.png,28.021635
161877_4.png,27.811184
161877_5.png,29.644188
162867_1.png,30.74621
162867_2.png,28.373396
162867_3.png,27.654387
162867_4.png,30.000965
162867_5.png,31.053192
162998_1.png,31.767174
162998_2.png,27.76596
162998_3.png,29.005854
162998_4.png,30.589197
162998_5.png,29.115522
163112_1.png,28.314402
163112_2.png,29.249357
163112_3.png,28.743652
163112_4.png,28.302944
163112_5.png,28.452593
163831_1.png,29.289541
163831_2.png,27.995586
163831_3.png,27.973465
163831_4.png,27.952496
163831_5.png,29.56576
16439_1.png,29.519527
16439_2.png,27.970222
16439_3.png,28.03553
16439_4.png,28.909277
16439_5.png,29.436235
165202_1.png,34.51909
165202_2.png,29.131302
165202_3.png,32.00479
165202_4.png,31.571636
165202_5.png,35.391556
165937_1.png,30.784464
165937_2.png,28.005484
165937_3.png,27.924685
165937_4.png,27.539604
165937_5.png,29.934875
16689_1.png,28.752954
16689_2.png,28.012869
16689_3.png,27.96608
16689_4.png,28.82497
16689_5.png,30.727682
167477_1.png,29.254307
167477_2.png,27.851015
167477_3.png,28.325468
167477_4.png,29.837536
167477_5.png,29.219841
170024_1.png,28.76841
170024_2.png,28.359356
170024_3.png,27.58487
170024_4.png,27.84131
170024_5.png,27.955608
170116_1.png,28.720184
170116_2.png,28.030897
170116_3.png,28.023853
170116_4.png,28.106758
170116_5.png,29.35475
170178_1.png,29.615023
170178_2.png,27.928837
170178_3.png,27.95988
170178_4.png,29.665503
170178_5.png,29.20358
171050_1.png,29.718025
171050_2.png,27.754429
171050_3.png,28.285755
171050_4.png,28.116756
171050_5.png,29.831066
173547_1.png,29.931662
173547_2.png,27.910265
173547_3.png,27.787786
173547_4.png,27.702587
173547_5.png,29.640537
174258_1.png,30.089104
174258_2.png,27.851355
174258_3.png,27.980305
174258_4.png,27.834389
174258_5.png,29.458136
17425_1.png,29.62927
17425_2.png,27.984438
17425_3.png,28.003077
17425_4.png,28.266933
17425_5.png,29.479994
174866_1.png,30.76591
174866_2.png,28.084661
174866_3.png,28.36238
174866_4.png,28.31658
174866_5.png,30.755163
174888_1.png,30.083738
174888_2.png,27.88032
174888_3.png,27.891855
174888_4.png,29.158857
174888_5.png,29.536703
175052_1.png,29.90376
175052_2.png,28.168867
175052_3.png,28.134293
175052_4.png,30.325233
175052_5.png,30.681269
176031_1.png,29.548092
176031_2.png,27.9599
176031_3.png,28.473423
176031_4.png,27.822695
176031_5.png,28.381258
177194_1.png,29.508076
177194_2.png,27.912682
177194_3.png,27.785114
177194_4.png,27.706745
177194_5.png,29.997446
177496_1.png,28.800282
177496_2.png,28.024181
177496_3.png,27.907701
177496_4.png,28.475668
177496_5.png,29.236992
178516_1.png,29.586466
178516_2.png,27.957352
178516_3.png,27.922178
178516_4.png,27.311228
178516_5.png,29.045864
17869_1.png,30.91046
17869_2.png,27.734385
17869_3.png,27.726255
17869_4.png,27.870842
17869_5.png,29.91323
180366_1.png,28.499876
180366_2.png,28.011343
180366_3.png,27.967949
180366_4.png,28.782883
180366_5.png,29.399828
180521_1.png,29.033236
180521_2.png,27.970972
180521_3.png,28.021807
180521_4.png,27.910824
180521_5.png,29.571291
182179_1.png,31.857162
182179_2.png,27.902946
182179_3.png,28.230824
182179_4.png,28.28394
182179_5.png,31.518476
182227_1.png,28.752686
182227_2.png,27.857525
182227_3.png,27.829256
182227_4.png,27.871223
182227_5.png,28.985388
18224_1.png,28.52889
18224_2.png,27.805302
18224_3.png,27.936285
18224_4.png,28.066078
18224_5.png,29.120993
186095_1.png,28.930002
186095_2.png,27.905159
186095_3.png,28.054499
186095_4.png,28.499743
186095_5.png,28.926435
186165_1.png,28.95363
186165_2.png,27.960133
186165_3.png,28.005157
186165_4.png,28.175829
186165_5.png,29.001192
186697_1.png,28.488823
186697_2.png,27.981373
186697_3.png,27.976063
186697_4.png,28.319166
186697_5.png,28.413868
186927_1.png,31.242718
186927_2.png,27.801601
186927_3.png,28.23858
186927_4.png,30.239252
186927_5.png,31.974749
187349_1.png,30.027018
187349_2.png,28.046461
187349_3.png,28.047604
187349_4.png,29.310102
187349_5.png,29.111366
187495_1.png,28.143108
187495_2.png,29.349247
187495_3.png,28.681185
187495_4.png,28.037207
187495_5.png,31.144737
187722_1.png,30.030165
187722_2.png,28.216976
187722_3.png,27.88253
187722_4.png,28.64819
187722_5.png,29.557348
188434_1.png,28.601202
188434_2.png,27.825117
188434_3.png,28.43145
188434_4.png,28.866928
188434_5.png,29.27994
188819_1.png,28.921566
188819_2.png,27.818129
188819_3.png,27.949615
188819_4.png,30.592093
188819_5.png,28.973288
189376_1.png,30.034857
189376_2.png,27.974089
189376_3.png,28.40796
189376_4.png,27.658514
189376_5.png,29.66914
190014_1.png,31.699518
190014_2.png,27.873344
190014_3.png,27.822882
190014_4.png,28.573832
190014_5.png,29.543243
190160_1.png,29.077269
190160_2.png,27.921238
190160_3.png,27.969223
190160_4.png,28.718412
190160_5.png,29.15636
191095_1.png,32.565216
191095_2.png,28.665154
191095_3.png,28.025322
191095_4.png,29.263033
191095_5.png,30.961071
191301_1.png,28.750095
191301_2.png,27.931332
191301_3.png,27.896898
191301_4.png,28.148357
191301_5.png,29.909357
191533_1.png,31.800766
191533_2.png,27.90508
191533_3.png,27.868208
191533_4.png,27.721533
191533_5.png,29.295826
192168_1.png,30.040495
192168_2.png,27.955921
192168_3.png,28.354788
192168_4.png,27.892532
192168_5.png,29.836529
194790_1.png,28.566528
194790_2.png,27.937927
194790_3.png,28.583193
194790_4.png,28.990784
194790_5.png,29.107006
194885_1.png,29.339462
194885_2.png,27.869371
194885_3.png,28.059427
194885_4.png,27.540257
194885_5.png,29.515245
196168_1.png,29.516762
196168_2.png,27.916895
196168_3.png,27.981155
196168_4.png,28.473064
196168_5.png,29.29913
19631_1.png,28.768044
19631_2.png,27.958385
19631_3.png,27.743303
19631_4.png,27.9363
19631_5.png,29.24456
196571_1.png,29.661486
196571_2.png,27.975946
196571_3.png,27.968369
196571_4.png,28.123842
196571_5.png,30.655823
200143_1.png,30.115465
200143_2.png,27.956636
200143_3.png,27.971384
200143_4.png,28.12932
200143_5.png,29.64517
200291_1.png,29.562603
200291_2.png,27.810959
200291_3.png,27.971415
200291_4.png,28.733423
200291_5.png,30.85372
200945_1.png,29.38458
200945_2.png,27.944298
200945_3.png,28.031506
200945_4.png,27.589514
200945_5.png,30.171598
201764_1.png,28.13234
201764_2.png,27.948965
201764_3.png,28.021767
201764_4.png,28.888714
201764_5.png,28.98567
201993_1.png,30.663063
201993_2.png,27.815392
201993_3.png,30.29286
201993_4.png,28.096884
201993_5.png,28.9002
203463_1.png,30.30681
203463_2.png,28.085283
203463_3.png,28.125572
203463_4.png,29.193932
203463_5.png,30.323196
203636_1.png,29.188374
203636_2.png,27.958368
203636_3.png,27.940784
203636_4.png,27.93829
203636_5.png,29.687677
203747_1.png,29.23717
203747_2.png,27.854204
203747_3.png,27.588205
203747_4.png,27.45215
203747_5.png,29.899338
204609_1.png,29.97501
204609_2.png,27.74932
204609_3.png,32.325665
204609_4.png,28.059904
204609_5.png,30.499222
204670_1.png,30.741566
204670_2.png,27.914574
204670_3.png,27.897923
204670_4.png,29.118628
204670_5.png,30.868532
205101_1.png,29.577019
205101_2.png,27.755106
205101_3.png,28.042522
205101_4.png,29.268362
205101_5.png,29.879303
205625_1.png,28.78063
205625_2.png,27.982225
205625_3.png,28.125969
205625_4.png,29.193392
205625_5.png,29.136106
206027_1.png,28.035381
206027_2.png,28.02184
206027_3.png,28.477882
206027_4.png,29.933567
206027_5.png,29.188599
206176_1.png,28.827192
206176_2.png,27.876041
206176_3.png,28.31343
206176_4.png,29.065952
206176_5.png,29.787403
20641_1.png,29.743849
20641_2.png,27.95928
20641_3.png,27.95086
20641_4.png,31.732151
20641_5.png,30.255096
206550_1.png,30.469343
206550_2.png,28.230543
206550_3.png,28.147705
206550_4.png,31.081018
206550_5.png,31.393715
207548_1.png,28.495049
207548_2.png,27.843967
207548_3.png,27.775328
207548_4.png,28.069155
207548_5.png,28.111706
207803_1.png,29.812656
207803_2.png,27.916037
207803_3.png,27.911222
207803_4.png,27.810658
207803_5.png,30.024181
207860_1.png,29.712742
207860_2.png,27.997097
207860_3.png,28.100147
207860_4.png,28.487755
207860_5.png,30.454945
208793_1.png,29.156202
208793_2.png,28.164158
208793_3.png,28.706676
208793_4.png,28.35091
208793_5.png,29.376524
208825_1.png,28.986414
208825_2.png,27.978073
208825_3.png,27.981754
208825_4.png,27.827847
208825_5.png,29.36644
208844_1.png,29.436874
208844_2.png,28.2789
208844_3.png,29.368708
208844_4.png,29.199486
208844_5.png,30.034649
20913_1.png,30.008862
20913_2.png,27.972584
20913_3.png,28.726
20913_4.png,28.275892
20913_5.png,31.170757
209322_1.png,29.50569
209322_2.png,27.900648
209322_3.png,28.754835
209322_4.png,27.879642
209322_5.png,29.740648
209773_1.png,29.660458
209773_2.png,27.789507
209773_3.png,27.891897
209773_4.png,29.765865
209773_5.png,29.894524
210795_1.png,29.049732
210795_2.png,27.721924
210795_3.png,28.718903
210795_4.png,27.867743
210795_5.png,28.833864
211186_1.png,29.65624
211186_2.png,28.196766
211186_3.png,28.889433
211186_4.png,28.351488
211186_5.png,29.591017
212261_1.png,29.025436
212261_2.png,27.845898
212261_3.png,27.956371
212261_4.png,28.166973
212261_5.png,29.138878
212346_1.png,29.421692
212346_2.png,28.059044
212346_3.png,27.980536
212346_4.png,28.15923
212346_5.png,30.408003
213538_1.png,29.38841
213538_2.png,27.999472
213538_3.png,30.198776
213538_4.png,27.991514
213538_5.png,29.906855
214386_1.png,29.987612
214386_2.png,27.96293
214386_3.png,28.028778
214386_4.png,28.11649
214386_5.png,29.218306
215356_1.png,29.858171
215356_2.png,28.062286
215356_3.png,28.033607
215356_4.png,28.740046
215356_5.png,31.308805
2154_1.png,29.330372
2154_2.png,27.855358
2154_3.png,30.786983
2154_4.png,28.682873
2154_5.png,29.112324
215675_1.png,29.64678
215675_2.png,27.88329
215675_3.png,27.89304
215675_4.png,27.956556
215675_5.png,29.578175
215982_1.png,28.809546
215982_2.png,27.907969
215982_3.png,28.0946
215982_4.png,29.689684
215982_5.png,30.0642
216326_1.png,28.351442
216326_2.png,27.590897
216326_3.png,28.172138
216326_4.png,27.942682
216326_5.png,27.469866
216785_1.png,30.401781
216785_2.png,28.006126
216785_3.png,28.012072
216785_4.png,28.617098
216785_5.png,30.793524
217064_1.png,28.432209
217064_2.png,27.900747
217064_3.png,31.437752
217064_4.png,29.695204
217064_5.png,28.366772
217546_1.png,29.831387
217546_2.png,27.883411
217546_3.png,27.987385
217546_4.png,28.85013
217546_5.png,29.15754
218365_1.png,31.470085
218365_2.png,28.578707
218365_3.png,28.180792
218365_4.png,29.604475
218365_5.png,31.699486
218494_1.png,28.990683
218494_2.png,27.939672
218494_3.png,27.978445
218494_4.png,27.875883
218494_5.png,29.279287
219063_1.png,28.756382
219063_2.png,27.920383
219063_3.png,28.111433
219063_4.png,27.901999
219063_5.png,29.44235
219589_1.png,30.161444
219589_2.png,27.928743
219589_3.png,28.392975
219589_4.png,27.715353
219589_5.png,28.927513
21971_1.png,29.922087
21971_2.png,27.937405
21971_3.png,28.094893
21971_4.png,28.297146
21971_5.png,29.593082
220025_1.png,28.270391
220025_2.png,28.089352
220025_3.png,28.696083
220025_4.png,28.634277
220025_5.png,29.42535
221000_1.png,29.26302
221000_2.png,27.926636
221000_3.png,29.848331
221000_4.png,29.419817
221000_5.png,28.787298
222317_1.png,28.807325
222317_2.png,27.943087
222317_3.png,27.906982
222317_4.png,27.828236
222317_5.png,28.73046
222662_1.png,29.157825
222662_2.png,27.970055
222662_3.png,28.003616
222662_4.png,27.859371
222662_5.png,30.542866
222828_1.png,30.219587
222828_2.png,28.090025
222828_3.png,27.954819
222828_4.png,28.07231
222828_5.png,30.001423
228415_1.png,29.927933
228415_2.png,27.89604
228415_3.png,28.000734
228415_4.png,27.733953
228415_5.png,29.654833
229329_1.png,29.127098
229329_2.png,27.864046
229329_3.png,27.954521
229329_4.png,29.895193
229329_5.png,29.728483
229385_1.png,28.424387
229385_2.png,27.864014
229385_3.png,27.986681
229385_4.png,28.560644
229385_5.png,29.155144
231644_1.png,31.500452
231644_2.png,28.192968
231644_3.png,28.011843
231644_4.png,29.342398
231644_5.png,30.625864
232453_1.png,30.216167
232453_2.png,28.001913
232453_3.png,27.955015
232453_4.png,29.563898
232453_5.png,29.537188
232863_1.png,28.967941
232863_2.png,28.071884
232863_3.png,28.240324
232863_4.png,28.158451
232863_5.png,30.017412
233430_1.png,29.72303
233430_2.png,27.982185
233430_3.png,27.925228
233430_4.png,28.974493
233430_5.png,29.606228
233560_1.png,28.472982
233560_2.png,27.936333
233560_3.png,27.915813
233560_4.png,28.171627
233560_5.png,29.336958
23369_1.png,28.819044
23369_2.png,28.079582
23369_3.png,28.161425
23369_4.png,28.900057
23369_5.png,29.236744
235093_1.png,31.024988
235093_2.png,27.828062
235093_3.png,27.889065
235093_4.png,28.17131
235093_5.png,30.8646
236512_1.png,31.473387
236512_2.png,27.89659
236512_3.png,29.252966
236512_4.png,31.627697
236512_5.png,31.535429
237780_1.png,29.644764
237780_2.png,27.931196
237780_3.png,28.148073
237780_4.png,28.7577
237780_5.png,29.503845
238029_1.png,28.821926
238029_2.png,27.697248
238029_3.png,28.348316
238029_4.png,28.885399
238029_5.png,29.365633
239198_1.png,28.985949
239198_2.png,27.986639
239198_3.png,27.950418
239198_4.png,28.137197
239198_5.png,28.238157
239395_1.png,30.147488
239395_2.png,27.826038
239395_3.png,28.14216
239395_4.png,30.53205
239395_5.png,31.086048
239837_1.png,29.432493
239837_2.png,28.0348
239837_3.png,28.03097
239837_4.png,27.67942
239837_5.png,29.167923
240417_1.png,28.433567
240417_2.png,27.865433
240417_3.png,28.091501
240417_4.png,30.18015
240417_5.png,29.156864
240764_1.png,29.209864
240764_2.png,27.925142
240764_3.png,28.280931
240764_4.png,28.157978
240764_5.png,29.434788
240783_1.png,28.830254
240783_2.png,28.031033
240783_3.png,27.981369
240783_4.png,28.861746
240783_5.png,29.590805
240811_1.png,29.110182
240811_2.png,27.903627
240811_3.png,27.904068
240811_4.png,27.677052
240811_5.png,30.883743
24104_1.png,28.879313
24104_2.png,27.919329
24104_3.png,28.384039
24104_4.png,28.028957
24104_5.png,29.872135
241837_1.png,28.722029
241837_2.png,27.711313
241837_3.png,27.750702
241837_4.png,29.796873
241837_5.png,27.973745
242570_1.png,30.097824
242570_2.png,27.94186
242570_3.png,28.288416
242570_4.png,27.909544
242570_5.png,30.643185
242868_1.png,30.367794
242868_2.png,27.777481
242868_3.png,28.286413
242868_4.png,30.364075
242868_5.png,30.700153
243218_1.png,28.93424
243218_2.png,28.080547
243218_3.png,28.253735
243218_4.png,31.656624
243218_5.png,28.616335
246263_1.png,28.813364
246263_2.png,27.865023
246263_3.png,27.858019
246263_4.png,27.47716
246263_5.png,28.60957
246270_1.png,29.491653
246270_2.png,27.912912
246270_3.png,28.00847
246270_4.png,27.618406
246270_5.png,30.034721
246883_1.png,29.081644
246883_2.png,27.865652
246883_3.png,27.855616
246883_4.png,27.94235
246883_5.png,28.650759
247407_1.png,29.14266
247407_2.png,27.889585
247407_3.png,27.87304
247407_4.png,27.94053
247407_5.png,29.539047
247473_1.png,29.123291
247473_2.png,27.982325
247473_3.png,27.938082
247473_4.png,28.98438
247473_5.png,29.117474
247477_1.png,29.596676
247477_2.png,27.978756
247477_3.png,27.868011
247477_4.png,28.291557
247477_5.png,29.505861
247536_1.png,29.249748
247536_2.png,28.051123
247536_3.png,28.886232
247536_4.png,28.971474
247536_5.png,30.543905
250951_1.png,28.816711
250951_2.png,28.107533
250951_3.png,27.974398
250951_4.png,29.848696
250951_5.png,29.299242
250993_1.png,29.885885
250993_2.png,28.417671
250993_3.png,27.953726
250993_4.png,27.985388
250993_5.png,32.034
253433_1.png,30.23175
253433_2.png,27.976728
253433_3.png,28.128935
253433_4.png,29.267931
253433_5.png,31.043974
254119_1.png,30.115131
254119_2.png,27.863516
254119_3.png,27.874668
254119_4.png,27.585575
254119_5.png,30.273874
255718_1.png,29.301037
255718_2.png,28.006697
255718_3.png,28.003792
255718_4.png,28.24666
255718_5.png,29.797003
257557_1.png,29.217333
257557_2.png,27.891306
257557_3.png,27.912575
257557_4.png,27.871204
257557_5.png,29.951279
258019_1.png,29.475607
258019_2.png,27.935225
258019_3.png,28.260374
258019_4.png,28.153131
258019_5.png,29.919544
258112_1.png,30.55414
258112_2.png,27.864086
258112_3.png,27.790041
258112_4.png,28.021624
258112_5.png,29.830786
258382_1.png,29.37386
258382_2.png,27.86169
258382_3.png,27.903103
258382_4.png,31.014357
258382_5.png,29.497797
261360_1.png,29.954065
261360_2.png,27.928028
261360_3.png,27.917793
261360_4.png,28.017464
261360_5.png,30.110567
261461_1.png,30.035473
261461_2.png,27.852592
261461_3.png,27.980446
261461_4.png,27.658058
261461_5.png,29.8653
261757_1.png,29.069084
261757_2.png,28.072027
261757_3.png,27.924885
261757_4.png,32.098457
261757_5.png,29.36735
262284_1.png,30.087734
262284_2.png,28.105505
262284_3.png,28.137478
262284_4.png,28.031445
262284_5.png,29.701992
262404_1.png,29.181297
262404_2.png,27.991028
262404_3.png,27.966629
262404_4.png,28.34872
262404_5.png,28.72593
262487_1.png,29.55859
262487_2.png,28.058424
262487_3.png,27.814587
262487_4.png,32.197285
262487_5.png,31.260424
262631_1.png,29.202019
262631_2.png,28.371237
262631_3.png,28.24262
262631_4.png,29.98723
262631_5.png,29.657305
264568_1.png,29.68512
264568_2.png,28.012764
264568_3.png,27.79282
264568_4.png,28.039305
264568_5.png,29.604473
265879_1.png,29.43735
265879_2.png,27.950027
265879_3.png,28.04731
265879_4.png,30.687021
265879_5.png,29.052711
266434_1.png,29.342232
266434_2.png,27.993116
266434_3.png,27.900341
266434_4.png,29.911873
266434_5.png,29.426386
267932_1.png,28.548532
267932_2.png,27.9674
267932_3.png,27.948254
267932_4.png,28.286144
267932_5.png,29.04386
268215_1.png,29.009308
268215_2.png,27.853996
268215_3.png,28.035358
268215_4.png,28.45811
268215_5.png,29.394077
268340_1.png,28.965086
268340_2.png,27.684608
268340_3.png,28.114939
268340_4.png,29.58549
268340_5.png,29.732975
2684_1.png,30.326656
2684_2.png,27.89004
2684_3.png,28.178658
2684_4.png,29.846176
2684_5.png,30.064598
268938_1.png,28.776712
268938_2.png,28.006565
268938_3.png,28.009949
268938_4.png,28.534655
268938_5.png,29.72206
269017_1.png,29.418877
269017_2.png,27.984766
269017_3.png,27.92761
269017_4.png,28.24723
269017_5.png,29.746296
270001_1.png,29.752665
270001_2.png,27.827063
270001_3.png,27.817896
270001_4.png,29.004025
270001_5.png,29.92388
270544_1.png,29.116318
270544_2.png,27.919699
270544_3.png,27.766695
270544_4.png,28.200647
270544_5.png,29.022047
271643_1.png,31.458748
271643_2.png,27.867962
271643_3.png,27.86877
271643_4.png,28.50291
271643_5.png,30.840887
271780_1.png,29.07808
271780_2.png,27.887587
271780_3.png,28.238256
271780_4.png,28.110249
271780_5.png,29.249859
271820_1.png,29.935163
271820_2.png,27.981644
271820_3.png,29.600279
271820_4.png,28.6282
271820_5.png,29.564194
272357_1.png,29.973549
272357_2.png,27.820887
272357_3.png,31.8445
272357_4.png,27.919695
272357_5.png,29.372719
272615_1.png,28.908165
272615_2.png,28.009697
272615_3.png,28.018988
272615_4.png,28.668077
272615_5.png,29.348312
274438_1.png,31.255096
274438_2.png,27.408293
274438_3.png,27.84407
274438_4.png,27.887722
274438_5.png,31.707655
274629_1.png,31.40584
274629_2.png,27.861183
274629_3.png,27.987106
274629_4.png,27.507376
274629_5.png,30.834705
274779_1.png,29.805607
274779_2.png,27.99505
274779_3.png,29.621546
274779_4.png,31.20924
274779_5.png,31.883875
276707_1.png,29.312616
276707_2.png,27.928442
276707_3.png,28.022358
276707_4.png,27.691847
276707_5.png,29.850252
276720_1.png,29.365232
276720_2.png,27.967646
276720_3.png,27.997358
276720_4.png,28.086184
276720_5.png,29.563646
279491_1.png,29.67956
279491_2.png,27.88846
279491_3.png,28.000084
279491_4.png,30.015999
279491_5.png,29.700575
281056_1.png,29.558165
281056_2.png,28.043247
281056_3.png,27.864683
281056_4.png,28.33128
281056_5.png,30.233139
283012_1.png,29.041475
283012_2.png,27.89783
283012_3.png,28.135862
283012_4.png,28.65307
283012_5.png,29.10089
283471_1.png,29.63953
283471_2.png,27.837423
283471_3.png,28.039461
283471_4.png,28.984907
283471_5.png,29.619116
283977_1.png,29.518545
283977_2.png,27.944283
283977_3.png,30.715714
283977_4.png,27.645754
283977_5.png,29.23821
284641_1.png,28.694149
284641_2.png,27.839535
284641_3.png,27.523355
284641_4.png,27.916103
284641_5.png,28.856918
285534_1.png,30.45785
285534_2.png,28.071064
285534_3.png,28.191086
285534_4.png,28.093033
285534_5.png,30.770336
285820_1.png,28.835636
285820_2.png,27.86787
285820_3.png,28.873688
285820_4.png,29.061188
285820_5.png,29.51975
286544_1.png,28.651278
286544_2.png,27.87463
286544_3.png,27.896328
286544_4.png,27.80643
286544_5.png,29.540325
287443_1.png,28.721113
287443_2.png,27.945623
287443_3.png,28.122509
287443_4.png,30.148588
287443_5.png,29.481958
288933_1.png,30.398983
288933_2.png,28.097898
288933_3.png,28.086784
288933_4.png,29.86924
288933_5.png,29.46151
288955_1.png,29.010788
288955_2.png,27.991035
288955_3.png,28.08229
288955_4.png,28.15618
288955_5.png,30.202997
289222_1.png,29.368458
289222_2.png,27.876135
289222_3.png,27.915688
289222_4.png,27.973875
289222_5.png,29.865807
289512_1.png,28.870789
289512_2.png,28.102888
289512_3.png,27.968197
289512_4.png,28.309404
289512_5.png,29.395502
289813_1.png,29.471582
289813_2.png,27.912907
289813_3.png,27.69858
289813_4.png,27.707394
289813_5.png,29.829197
289960_1.png,30.359688
289960_2.png,27.935686
289960_3.png,29.844316
289960_4.png,27.923952
289960_5.png,29.56663
290130_1.png,29.98481
290130_2.png,27.851894
290130_3.png,27.861248
290130_4.png,27.457127
290130_5.png,29.826563
290248_1.png,29.924812
290248_2.png,27.979494
290248_3.png,27.962238
290248_4.png,27.906414
290248_5.png,31.169878
290619_1.png,28.885128
290619_2.png,27.96994
290619_3.png,27.952946
290619_4.png,27.950819
290619_5.png,29.017532
291257_1.png,28.706028
291257_2.png,27.858208
291257_3.png,27.912823
291257_4.png,27.557125
291257_5.png,29.16803
291990_1.png,28.946291
291990_2.png,28.019625
291990_3.png,28.089401
291990_4.png,29.82884
291990_5.png,29.607275
292663_1.png,29.732704
292663_2.png,28.04162
292663_3.png,28.014645
292663_4.png,27.954428
292663_5.png,31.404976
293245_1.png,30.190796
293245_2.png,28.013842
293245_3.png,28.036139
293245_4.png,28.44525
293245_5.png,29.603584
293782_1.png,29.2694
293782_2.png,27.960241
293782_3.png,28.00341
293782_4.png,28.282732
293782_5.png,30.395449
293789_1.png,29.75611
293789_2.png,27.778805
293789_3.png,28.768744
293789_4.png,29.379679
293789_5.png,30.112906
294541_1.png,28.839705
294541_2.png,27.820515
294541_3.png,27.924557
294541_4.png,29.352032
294541_5.png,29.415333
29558_1.png,28.81881
29558_2.png,27.942923
29558_3.png,28.041409
29558_4.png,27.315544
29558_5.png,29.524933
296032_1.png,29.943579
296032_2.png,28.043736
296032_3.png,27.964201
296032_4.png,28.114365
296032_5.png,28.908981
296098_1.png,30.190302
296098_2.png,27.842518
296098_3.png,27.864784
296098_4.png,29.121346
296098_5.png,30.498903
296604_1.png,29.66538
296604_2.png,28.009739
296604_3.png,27.946915
296604_4.png,27.620173
296604_5.png,29.514671
298252_1.png,29.659689
298252_2.png,28.098618
298252_3.png,29.793417
298252_4.png,31.10196
298252_5.png,30.936321
298697_1.png,30.47044
298697_2.png,28.334026
298697_3.png,33.7824
298697_4.png,28.766876
298697_5.png,29.895218
298784_1.png,28.890514
298784_2.png,27.922861
298784_3.png,28.003117
298784_4.png,28.05572
298784_5.png,28.919506
299970_1.png,30.156717
299970_2.png,27.956085
299970_3.png,29.171143
299970_4.png,29.103401
299970_5.png,30.282091
300090_1.png,29.364773
300090_2.png,28.009739
300090_3.png,27.968718
300090_4.png,27.780018
300090_5.png,30.477829
303056_1.png,30.088633
303056_2.png,28.219007
303056_3.png,28.027393
303056_4.png,27.817757
303056_5.png,29.255611
303922_1.png,28.93486
303922_2.png,27.958916
303922_3.png,28.053656
303922_4.png,28.32871
303922_5.png,29.792496
30407_1.png,30.999063
30407_2.png,28.32343
30407_3.png,28.543554
30407_4.png,28.529081
30407_5.png,31.591997
305472_1.png,29.527836
305472_2.png,28.179125
305472_3.png,28.55351
305472_4.png,28.182858
305472_5.png,29.680233
305639_1.png,29.376633
305639_2.png,27.945211
305639_3.png,28.104378
305639_4.png,28.028559
305639_5.png,29.107107
307323_1.png,29.188622
307323_2.png,27.88452
307323_3.png,27.87566
307323_4.png,27.904633
307323_5.png,30.200863
308730_1.png,29.582022
308730_2.png,27.997473
308730_3.png,28.545792
308730_4.png,28.554981
308730_5.png,28.962257
31000_1.png,29.726784
31000_2.png,28.319626
31000_3.png,33.240067
31000_4.png,32.07807
31000_5.png,31.450586
313034_1.png,29.535662
313034_2.png,28.025806
313034_3.png,27.941534
313034_4.png,29.052689
313034_5.png,29.762815
314649_1.png,29.523888
314649_2.png,27.930052
314649_3.png,27.934233
314649_4.png,27.648724
314649_5.png,29.082981
314757_1.png,29.507954
314757_2.png,27.92297
314757_3.png,27.98806
314757_4.png,28.500715
314757_5.png,29.109692
315178_1.png,28.967344
315178_2.png,27.920712
315178_3.png,27.883625
315178_4.png,29.367367
315178_5.png,29.702412
315810_1.png,33.57921
315810_2.png,27.639841
315810_3.png,29.32168
315810_4.png,28.780128
315810_5.png,31.409792
317087_1.png,29.188581
317087_2.png,27.88029
317087_3.png,27.936617
317087_4.png,28.77531
317087_5.png,30.027628
317130_1.png,28.973238
317130_2.png,28.007225
317130_3.png,28.259518
317130_4.png,28.770191
317130_5.png,29.323944
317622_1.png,29.40504
317622_2.png,27.943548
317622_3.png,28.003323
317622_4.png,30.896708
317622_5.png,29.86273
318524_1.png,28.581743
318524_2.png,27.591892
318524_3.png,27.895428
318524_4.png,27.928467
318524_5.png,28.428917
319283_1.png,29.479263
319283_2.png,27.890549
319283_3.png,27.918077
319283_4.png,28.68744
319283_5.png,29.340235
319721_1.png,30.408508
319721_2.png,27.958746
319721_3.png,27.878147
319721_4.png,27.920265
319721_5.png,29.6231
319743_1.png,29.30199
319743_2.png,27.987295
319743_3.png,27.88236
319743_4.png,29.736055
319743_5.png,29.654634
322164_1.png,28.845837
322164_2.png,27.710253
322164_3.png,27.757639
322164_4.png,27.912481
322164_5.png,29.245047
322987_1.png,29.099253
322987_2.png,27.838156
322987_3.png,29.247887
322987_4.png,28.166105
322987_5.png,29.8974
325838_1.png,29.266962
325838_2.png,27.81055
325838_3.png,27.921333
325838_4.png,31.126995
325838_5.png,29.849562
326367_1.png,28.335758
326367_2.png,27.923443
326367_3.png,30.12231
326367_4.png,27.850409
326367_5.png,28.883144
326564_1.png,29.58594
326564_2.png,27.937473
326564_3.png,27.915077
326564_4.png,27.290262
326564_5.png,30.37619
326970_1.png,29.182467
326970_2.png,28.007864
326970_3.png,28.078495
326970_4.png,28.10601
326970_5.png,29.64032
32708_1.png,28.643576
32708_2.png,27.85853
32708_3.png,27.924017
32708_4.png,27.638197
32708_5.png,29.315592
328797_1.png,28.895538
328797_2.png,27.87113
328797_3.png,27.673378
328797_4.png,28.319075
328797_5.png,29.333828
328838_1.png,30.147726
328838_2.png,28.07454
328838_3.png,28.206837
328838_4.png,29.858187
328838_5.png,30.278133
328957_1.png,29.09454
328957_2.png,27.96573
328957_3.png,27.95672
328957_4.png,28.241114
328957_5.png,28.658306
330410_1.png,29.182808
330410_2.png,27.874706
330410_3.png,27.561708
330410_4.png,27.880455
330410_5.png,30.48071
331529_1.png,30.044565
331529_2.png,28.050419
331529_3.png,28.11033
331529_4.png,31.017792
331529_5.png,30.012394
332987_1.png,28.564434
332987_2.png,28.054708
332987_3.png,28.176945
332987_4.png,28.71246
332987_5.png,28.891293
334148_1.png,29.530838
334148_2.png,27.912907
334148_3.png,28.301544
334148_4.png,29.039322
334148_5.png,29.323124
334399_1.png,31.443653
334399_2.png,28.40862
334399_3.png,29.45082
334399_4.png,30.128489
334399_5.png,33.403122
337690_1.png,29.104906
337690_2.png,27.762798
337690_3.png,27.848007
337690_4.png,28.97143
337690_5.png,29.56909
338159_1.png,29.004135
338159_2.png,27.862558
338159_3.png,28.20045
338159_4.png,27.887838
338159_5.png,29.187443
339588_1.png,30.180132
339588_2.png,27.980854
339588_3.png,28.861034
339588_4.png,27.940838
339588_5.png,30.455088
339986_1.png,29.470348
339986_2.png,27.83182
339986_3.png,27.70458
339986_4.png,27.937265
339986_5.png,29.885168
340398_1.png,29.552326
340398_2.png,27.789879
340398_3.png,27.930248
340398_4.png,28.474295
340398_5.png,29.691174
343453_1.png,33.08208
343453_2.png,29.057327
343453_3.png,27.919724
343453_4.png,29.800247
343453_5.png,32.67986
343680_1.png,29.967007
343680_2.png,27.9723
343680_3.png,29.858978
343680_4.png,28.42975
343680_5.png,29.591099
344762_1.png,29.948288
344762_2.png,27.917936
344762_3.png,27.90212
344762_4.png,27.75061
344762_5.png,29.265604
344878_1.png,29.207544
344878_2.png,27.900053
344878_3.png,28.068106
344878_4.png,27.814611
344878_5.png,29.014488
347568_1.png,28.664186
347568_2.png,27.880095
347568_3.png,27.900347
347568_4.png,27.89066
347568_5.png,29.485752
347747_1.png,29.288239
347747_2.png,27.88683
347747_3.png,27.906054
347747_4.png,27.810263
347747_5.png,29.03119
347965_1.png,29.295807
347965_2.png,27.902899
347965_3.png,29.457714
347965_4.png,28.154612
347965_5.png,29.499317
348730_1.png,29.50063
348730_2.png,28.001286
348730_3.png,27.976412
348730_4.png,27.958433
348730_5.png,29.222042
348838_1.png,29.15853
348838_2.png,27.932041
348838_3.png,28.00266
348838_4.png,29.277576
348838_5.png,28.845074
351715_1.png,29.747574
351715_2.png,27.995321
351715_3.png,27.91771
351715_4.png,28.219044
351715_5.png,29.206724
354491_1.png,28.599459
354491_2.png,27.884045
354491_3.png,27.959867
354491_4.png,27.948376
354491_5.png,28.727842
355040_1.png,28.945646
355040_2.png,27.922411
355040_3.png,27.948051
355040_4.png,27.922947
355040_5.png,30.407326
355513_1.png,30.268808
355513_2.png,27.851856
355513_3.png,29.608326
355513_4.png,27.891457
355513_5.png,30.05671
357498_1.png,29.299726
357498_2.png,27.960325
357498_3.png,27.9177
357498_4.png,28.428444
357498_5.png,28.666693
359128_1.png,28.969091
359128_2.png,27.940132
359128_3.png,27.891088
359128_4.png,28.548744
359128_5.png,28.87594
359432_1.png,29.22058
359432_2.png,27.912794
359432_3.png,29.1613
359432_4.png,29.375666
359432_5.png,29.32358
361073_1.png,29.240398
361073_2.png,28.006645
361073_3.png,27.94397
361073_4.png,28.369793
361073_5.png,29.94124
361551_1.png,29.338827
361551_2.png,27.769484
361551_3.png,27.916185
361551_4.png,28.084194
361551_5.png,30.670464
361750_1.png,29.739101
361750_2.png,27.888182
361750_3.png,28.122757
361750_4.png,28.27681
361750_5.png,29.18592
36478_1.png,31.337557
36478_2.png,27.907095
36478_3.png,27.888218
36478_4.png,30.478928
36478_5.png,30.750456
366615_1.png,28.827225
366615_2.png,27.973793
366615_3.png,28.678091
366615_4.png,28.589472
366615_5.png,29.482397
367468_1.png,29.288794
367468_2.png,28.03402
367468_3.png,28.17725
367468_4.png,28.327969
367468_5.png,30.739237
367578_1.png,30.105885
367578_2.png,27.832363
367578_3.png,27.8703
367578_4.png,28.228703
367578_5.png,28.512272
368671_1.png,30.004715
368671_2.png,27.957844
368671_3.png,28.038986
368671_4.png,27.3816
368671_5.png,29.50306
369461_1.png,28.71556
369461_2.png,27.89693
369461_3.png,27.921165
369461_4.png,27.858728
369461_5.png,29.282446
370697_1.png,29.408527
370697_2.png,27.898954
370697_3.png,28.201065
370697_4.png,27.534311
370697_5.png,30.024391
371151_1.png,28.845575
371151_2.png,27.99624
371151_3.png,27.94296
371151_4.png,30.23638
371151_5.png,29.056503
371472_1.png,29.265707
371472_2.png,27.989553
371472_3.png,28.55485
371472_4.png,30.843151
371472_5.png,29.748695
371694_1.png,31.703236
371694_2.png,27.87234
371694_3.png,28.47743
371694_4.png,30.638632
371694_5.png,31.441288
371699_1.png,30.193283
371699_2.png,27.94888
371699_3.png,29.21775
371699_4.png,28.016844
371699_5.png,31.012722
371890_1.png,28.602806
371890_2.png,27.890003
371890_3.png,28.047297
371890_4.png,30.583721
371890_5.png,29.599512
372577_1.png,30.717693
372577_2.png,27.971907
372577_3.png,28.223244
372577_4.png,28.382313
372577_5.png,30.549637
372979_1.png,28.72044
372979_2.png,27.984118
372979_3.png,28.408257
372979_4.png,29.914303
372979_5.png,28.584375
373060_1.png,30.01351
373060_2.png,27.935709
373060_3.png,27.950163
373060_4.png,28.629858
373060_5.png,30.334566
373789_1.png,29.104223
373789_2.png,27.917576
373789_3.png,27.841864
373789_4.png,30.367878
373789_5.png,28.566557
374669_1.png,30.929596
374669_2.png,28.130396
374669_3.png,27.953285
374669_4.png,28.778788
374669_5.png,32.960842
375211_1.png,32.811108
375211_2.png,28.088367
375211_3.png,28.338364
375211_4.png,27.747221
375211_5.png,30.88374
375509_1.png,30.291138
375509_2.png,27.952866
375509_3.png,28.393496
375509_4.png,28.293013
375509_5.png,30.352333
378894_1.png,29.255943
378894_2.png,27.923153
378894_3.png,28.050337
378894_4.png,28.018635
378894_5.png,30.681734
379605_1.png,29.117641
379605_2.png,27.847782
379605_3.png,28.035128
379605_4.png,27.578793
379605_5.png,30.518871
380734_1.png,29.672682
380734_2.png,27.945858
380734_3.png,27.916407
380734_4.png,28.100086
380734_5.png,29.816929
38073_1.png,29.782488
38073_2.png,27.763529
38073_3.png,28.203953
38073_4.png,28.777727
38073_5.png,29.04478
383448_1.png,28.755976
383448_2.png,27.939306
383448_3.png,28.045816
383448_4.png,27.966743
383448_5.png,29.156464
383921_1.png,28.638823
383921_2.png,27.929586
383921_3.png,27.816124
383921_4.png,28.070223
383921_5.png,29.524899
384931_1.png,29.039356
384931_2.png,27.970842
384931_3.png,28.377266
384931_4.png,28.44421
384931_5.png,29.371351
384995_1.png,29.773394
384995_2.png,27.889294
384995_3.png,27.9316
384995_4.png,29.0603
384995_5.png,29.767365
386370_1.png,30.04853
386370_2.png,27.997267
386370_3.png,27.928217
386370_4.png,28.088722
386370_5.png,28.655827
387173_1.png,30.310898
387173_2.png,27.904009
387173_3.png,27.996254
387173_4.png,27.422886
387173_5.png,30.82515
387429_1.png,31.324404
387429_2.png,28.279718
387429_3.png,28.722391
387429_4.png,29.365723
387429_5.png,32.300632
38775_1.png,29.68543
38775_2.png,27.920002
38775_3.png,28.041761
38775_4.png,27.953611
38775_5.png,29.246225
388042_1.png,29.17293
388042_2.png,27.886875
388042_3.png,27.99739
388042_4.png,28.115509
388042_5.png,29.483286
388225_1.png,30.013512
388225_2.png,28.130318
388225_3.png,28.062944
388225_4.png,30.972643
388225_5.png,29.49073
389812_1.png,29.244133
389812_2.png,27.95492
389812_3.png,27.986784
389812_4.png,27.823511
389812_5.png,29.748331
390760_1.png,29.570803
390760_2.png,27.883293
390760_3.png,27.956589
390760_4.png,28.511202
390760_5.png,29.49101
391940_1.png,28.556541
391940_2.png,27.933945
391940_3.png,27.885756
391940_4.png,27.780743
391940_5.png,29.396866
392764_1.png,30.172497
392764_2.png,28.20719
392764_3.png,28.046024
392764_4.png,30.940498
392764_5.png,30.946608
393674_1.png,32.502804
393674_2.png,27.828335
393674_3.png,28.040735
393674_4.png,30.590588
393674_5.png,30.25994
394033_1.png,28.326206
394033_2.png,27.93754
394033_3.png,27.88372
394033_4.png,28.046413
394033_5.png,28.60141
395290_1.png,29.816158
395290_2.png,27.894012
395290_3.png,28.167667
395290_4.png,29.321465
395290_5.png,28.844282
395388_1.png,29.549755
395388_2.png,27.920225
395388_3.png,28.003977
395388_4.png,29.024576
395388_5.png,29.253199
396779_1.png,29.357544
396779_2.png,28.32006
396779_3.png,27.729519
396779_4.png,28.098948
396779_5.png,29.242369
397274_1.png,28.934893
397274_2.png,27.988796
397274_3.png,27.91861
397274_4.png,28.704159
397274_5.png,28.416157
397287_1.png,28.75478
397287_2.png,27.917206
397287_3.png,28.146263
397287_4.png,27.96799
397287_5.png,28.457016
400507_1.png,29.672874
400507_2.png,27.78395
400507_3.png,27.502155
400507_4.png,28.1251
400507_5.png,29.804234
400567_1.png,29.118921
400567_2.png,27.853407
400567_3.png,27.872368
400567_4.png,28.722296
400567_5.png,29.234632
402077_1.png,29.395859
402077_2.png,27.943245
402077_3.png,30.236078
402077_4.png,29.858437
402077_5.png,29.37028
404349_1.png,29.104076
404349_2.png,27.873192
404349_3.png,27.93671
404349_4.png,28.309809
404349_5.png,29.180685
404635_1.png,29.93829
404635_2.png,28.024084
404635_3.png,28.21849
404635_4.png,27.48464
404635_5.png,30.015436
404886_1.png,29.429646
404886_2.png,27.798018
404886_3.png,28.030546
404886_4.png,28.336123
404886_5.png,29.250086
405195_1.png,29.579372
405195_2.png,27.91647
405195_3.png,27.935184
405195_4.png,28.900425
405195_5.png,29.227432
405675_1.png,30.255098
405675_2.png,27.98386
405675_3.png,28.043463
405675_4.png,28.001007
405675_5.png,30.02014
406899_1.png,29.621431
406899_2.png,27.870867
406899_3.png,27.910732
406899_4.png,27.388388
406899_5.png,30.139439
407002_1.png,30.59414
407002_2.png,27.85571
407002_3.png,27.989853
407002_4.png,27.77388
407002_5.png,31.125761
408746_1.png,33.295773
408746_2.png,27.878153
408746_3.png,27.79194
408746_4.png,32.46421
408746_5.png,33.133793
409100_1.png,30.40239
409100_2.png,27.932335
409100_3.png,28.036022
409100_4.png,29.560102
409100_5.png,30.6259
412440_1.png,28.926332
412440_2.png,27.796476
412440_3.png,27.873709
412440_4.png,29.189947
412440_5.png,29.484394
41247_1.png,30.16072
41247_2.png,28.263367
41247_3.png,27.603233
41247_4.png,27.954456
41247_5.png,30.802135
413634_1.png,28.976154
413634_2.png,27.884892
413634_3.png,27.929426
413634_4.png,29.349373
413634_5.png,29.3921
413839_1.png,29.96924
413839_2.png,27.864195
413839_3.png,27.9262
413839_4.png,27.426851
413839_5.png,30.136456
414156_1.png,29.207521
414156_2.png,27.937584
414156_3.png,27.994186
414156_4.png,26.99591
414156_5.png,29.841059
415727_1.png,29.251429
415727_2.png,27.955437
415727_3.png,27.987408
415727_4.png,28.742952
415727_5.png,30.292986
416758_1.png,30.048662
416758_2.png,28.086176
416758_3.png,27.967865
416758_4.png,28.116707
416758_5.png,29.289474
416931_1.png,28.616076
416931_2.png,28.096706
416931_3.png,27.97195
416931_4.png,29.59027
416931_5.png,28.118355
417284_1.png,29.892685
417284_2.png,27.833656
417284_3.png,27.904156
417284_4.png,28.723475
417284_5.png,29.274845
418523_1.png,30.259146
418523_2.png,27.205547
418523_3.png,27.027088
418523_4.png,28.049248
418523_5.png,29.043344
418680_1.png,30.62135
418680_2.png,28.144073
418680_3.png,28.134363
418680_4.png,31.265789
418680_5.png,30.071026
419089_1.png,28.87905
419089_2.png,28.124199
419089_3.png,27.916815
419089_4.png,28.292862
419089_5.png,29.2762
41998_1.png,30.33608
41998_2.png,27.829222
41998_3.png,29.326754
41998_4.png,30.14659
41998_5.png,30.792208
420281_1.png,29.630377
420281_2.png,27.923267
420281_3.png,27.960283
420281_4.png,28.264856
420281_5.png,29.381277
420389_1.png,29.756123
420389_2.png,27.983204
420389_3.png,28.073307
420389_4.png,27.908062
420389_5.png,29.248348
421188_1.png,29.599794
421188_2.png,27.766882
421188_3.png,28.362862
421188_4.png,28.53657
421188_5.png,29.851301
422240_1.png,30.31946
422240_2.png,28.581406
422240_3.png,29.35297
422240_4.png,28.835112
422240_5.png,28.785282
422350_1.png,29.152258
422350_2.png,27.948334
422350_3.png,29.272148
422350_4.png,28.610922
422350_5.png,29.12344
422783_1.png,28.960695
422783_2.png,28.009232
422783_3.png,28.068804
422783_4.png,28.218058
422783_5.png,29.865536
423498_1.png,29.27026
423498_2.png,27.949537
423498_3.png,27.834995
423498_4.png,29.755272
423498_5.png,29.882303
423951_1.png,28.906849
423951_2.png,27.867651
423951_3.png,27.963106
423951_4.png,28.558954
423951_5.png,28.866976
427341_1.png,29.57968
427341_2.png,27.632181
427341_3.png,28.437017
427341_4.png,29.131306
427341_5.png,30.483465
427386_1.png,28.86877
427386_2.png,27.928356
427386_3.png,27.995197
427386_4.png,28.004482
427386_5.png,29.314163
428278_1.png,29.728458
428278_2.png,28.207699
428278_3.png,29.257978
428278_4.png,28.44834
428278_5.png,30.06426
428366_1.png,28.390556
428366_2.png,27.660664
428366_3.png,27.895378
428366_4.png,27.959394
428366_5.png,29.084179
428712_1.png,29.170923
428712_2.png,27.848148
428712_3.png,27.909496
428712_4.png,28.688295
428712_5.png,28.76399
428975_1.png,30.147104
428975_2.png,27.997368
428975_3.png,28.07023
428975_4.png,29.145155
428975_5.png,30.089691
42956_1.png,28.646475
42956_2.png,27.87952
42956_3.png,27.968012
42956_4.png,28.725142
42956_5.png,28.7625
429996_1.png,29.23568
429996_2.png,27.850315
429996_3.png,27.913042
429996_4.png,28.050608
429996_5.png,30.522255
430073_1.png,29.400524
430073_2.png,27.887178
430073_3.png,27.877695
430073_4.png,27.929607
430073_5.png,28.998274
431923_1.png,30.996412
431923_2.png,28.186506
431923_3.png,28.074778
431923_4.png,30.510374
431923_5.png,31.224312
432414_1.png,29.956537
432414_2.png,27.899757
432414_3.png,28.437056
432414_4.png,28.106958
432414_5.png,29.427404
432623_1.png,29.137964
432623_2.png,27.92465
432623_3.png,27.915133
432623_4.png,28.001955
432623_5.png,29.421717
433515_1.png,29.428886
433515_2.png,27.845064
433515_3.png,27.951994
433515_4.png,27.417395
433515_5.png,29.996557
434806_1.png,30.225752
434806_2.png,27.665854
434806_3.png,28.01833
434806_4.png,28.023361
434806_5.png,29.02025
43494_1.png,29.019243
43494_2.png,27.995728
43494_3.png,28.132807
43494_4.png,28.826187
43494_5.png,30.9373
435012_1.png,29.210678
435012_2.png,27.98124
435012_3.png,28.818834
435012_4.png,28.135117
435012_5.png,29.247463
435321_1.png,29.062004
435321_2.png,27.846302
435321_3.png,27.896091
435321_4.png,27.998901
435321_5.png,30.052324
43712_1.png,29.105934
43712_2.png,27.881924
43712_3.png,27.912603
43712_4.png,27.978354
43712_5.png,29.761326
438495_1.png,29.725803
438495_2.png,27.785856
438495_3.png,27.875881
438495_4.png,28.112368
438495_5.png,29.898972
44136_1.png,29.272066
44136_2.png,28.343626
44136_3.png,28.342018
44136_4.png,30.339743
44136_5.png,33.850834
441541_1.png,29.48487
441541_2.png,28.016949
441541_3.png,28.078936
441541_4.png,29.173489
441541_5.png,29.939325
441614_1.png,29.248978
441614_2.png,27.897598
441614_3.png,28.090046
441614_4.png,28.383429
441614_5.png,29.652807
44171_1.png,30.006079
44171_2.png,28.020016
44171_3.png,28.144312
44171_4.png,30.149187
44171_5.png,29.673697
442040_1.png,29.721224
442040_2.png,27.849648
442040_3.png,27.94179
442040_4.png,27.580772
442040_5.png,31.227512
442128_1.png,29.388258
442128_2.png,27.745571
442128_3.png,28.265715
442128_4.png,27.81618
442128_5.png,29.037771
443313_1.png,30.330137
443313_2.png,27.988922
443313_3.png,27.956745
443313_4.png,27.962034
443313_5.png,30.086468
44347_1.png,28.597147
44347_2.png,27.744194
44347_3.png,27.882061
44347_4.png,27.704496
44347_5.png,29.800797
44494_1.png,29.851366
44494_2.png,27.929525
44494_3.png,29.65435
44494_4.png,27.734724
44494_5.png,29.590397
445594_1.png,28.607876
445594_2.png,27.905197
445594_3.png,27.980705
445594_4.png,27.97785
445594_5.png,28.57319
446894_1.png,29.479258
446894_2.png,27.969898
446894_3.png,28.016224
446894_4.png,29.455471
446894_5.png,29.155687
448765_1.png,28.259645
448765_2.png,28.03033
448765_3.png,27.308933
448765_4.png,28.153942
448765_5.png,28.472235
448897_1.png,29.315279
448897_2.png,27.930733
448897_3.png,27.971376
448897_4.png,27.537748
448897_5.png,29.386183
449038_1.png,28.743639
449038_2.png,28.067553
449038_3.png,27.975603
449038_4.png,29.771957
449038_5.png,28.265429
450263_1.png,29.380611
450263_2.png,27.985598
450263_3.png,27.905928
450263_4.png,27.869019
450263_5.png,29.229202
450790_1.png,29.845068
450790_2.png,27.850372
450790_3.png,28.601572
450790_4.png,28.264519
450790_5.png,29.167553
451144_1.png,29.541004
451144_2.png,27.9553
451144_3.png,27.855972
451144_4.png,28.31302
451144_5.png,30.963045
451155_1.png,34.07183
451155_2.png,28.564049
451155_3.png,28.40091
451155_4.png,29.798223
451155_5.png,33.712097
451623_1.png,29.54442
451623_2.png,28.0202
451623_3.png,27.933079
451623_4.png,28.397882
451623_5.png,29.667364
45550_1.png,28.928814
45550_2.png,28.10641
45550_3.png,27.893837
45550_4.png,28.908329
45550_5.png,29.115547
455937_1.png,29.73437
455937_2.png,28.030577
455937_3.png,27.955723
455937_4.png,28.055468
455937_5.png,30.42958
455975_1.png,29.36917
455975_2.png,27.950283
455975_3.png,27.840767
455975_4.png,27.981005
455975_5.png,30.128931
456012_1.png,29.860693
456012_2.png,27.987272
456012_3.png,27.999617
456012_4.png,28.063248
456012_5.png,29.253603
456046_1.png,29.74313
456046_2.png,27.935686
456046_3.png,27.885324
456046_4.png,28.331005
456046_5.png,29.700768
456127_1.png,29.658045
456127_2.png,27.93025
456127_3.png,27.829634
456127_4.png,29.221848
456127_5.png,29.043987
456730_1.png,29.203794
456730_2.png,28.039055
456730_3.png,29.142233
456730_4.png,28.54004
456730_5.png,29.975782
456732_1.png,29.430916
456732_2.png,27.94447
456732_3.png,27.9121
456732_4.png,27.908146
456732_5.png,29.257046
459136_1.png,29.19635
459136_2.png,27.642338
459136_3.png,27.886786
459136_4.png,29.104912
459136_5.png,28.458885
460266_1.png,28.549725
460266_2.png,27.94162
460266_3.png,29.175772
460266_4.png,27.465899
460266_5.png,29.172106
462904_1.png,29.44548
462904_2.png,28.036133
462904_3.png,27.91952
462904_4.png,27.74321
462904_5.png,29.422474
463498_1.png,29.218914
463498_2.png,27.968573
463498_3.png,27.963984
463498_4.png,27.842766
463498_5.png,29.058012
464092_1.png,30.23696
464092_2.png,27.953463
464092_3.png,29.384804
464092_4.png,27.904732
464092_5.png,29.488361
465267_1.png,29.271547
465267_2.png,27.877678
465267_3.png,27.948664
465267_4.png,28.140644
465267_5.png,29.81372
466211_1.png,29.017437
466211_2.png,27.80181
466211_3.png,31.454441
466211_4.png,27.704987
466211_5.png,29.481686
466565_1.png,29.277723
466565_2.png,27.956951
466565_3.png,29.187101
466565_4.png,28.41348
466565_5.png,29.7717
466570_1.png,30.149427
466570_2.png,27.959547
466570_3.png,27.886723
466570_4.png,27.510773
466570_5.png,29.582441
467848_1.png,28.477972
467848_2.png,27.991985
467848_3.png,27.955868
467848_4.png,27.677639
467848_5.png,30.033394
468043_1.png,29.687307
468043_2.png,27.79624
468043_3.png,27.97601
468043_4.png,28.589653
468043_5.png,29.50392
468121_1.png,28.643684
468121_2.png,27.834246
468121_3.png,29.330502
468121_4.png,27.891457
468121_5.png,28.809214
468925_1.png,28.774397
468925_2.png,28.00375
468925_3.png,27.93886
468925_4.png,28.364565
468925_5.png,28.875887
469192_1.png,29.971
469192_2.png,27.874386
469192_3.png,27.939667
469192_4.png,27.79688
469192_5.png,29.536919
469300_1.png,29.31424
469300_2.png,27.851416
469300_3.png,28.000708
469300_4.png,30.972206
469300_5.png,29.357635
469828_1.png,32.24094
469828_2.png,28.084661
469828_3.png,28.017338
469828_4.png,28.874395
469828_5.png,30.75896
469857_1.png,29.020248
469857_2.png,27.947092
469857_3.png,29.457764
469857_4.png,29.542082
469857_5.png,28.759764
470121_1.png,29.5711
470121_2.png,27.888279
470121_3.png,28.022081
470121_4.png,29.714508
470121_5.png,29.634645
470366_1.png,29.236164
470366_2.png,27.942114
470366_3.png,28.097855
470366_4.png,28.73123
470366_5.png,29.536074
470423_1.png,28.961195
470423_2.png,27.864498
470423_3.png,27.916216
470423_4.png,27.919138
470423_5.png,28.342627
472030_1.png,29.771778
472030_2.png,27.859766
472030_3.png,27.925299
472030_4.png,27.952217
472030_5.png,32.105385
474464_1.png,28.752645
474464_2.png,27.817171
474464_3.png,27.890402
474464_4.png,27.45519
474464_5.png,29.26442
474499_1.png,29.105661
474499_2.png,27.995346
474499_3.png,27.944706
474499_4.png,28.601616
474499_5.png,29.762526
475990_1.png,30.149366
475990_2.png,28.021194
475990_3.png,28.028402
475990_4.png,28.557665
475990_5.png,29.779617
476910_1.png,29.17704
476910_2.png,27.993359
476910_3.png,28.171038
476910_4.png,29.639381
476910_5.png,30.928677
478312_1.png,28.654827
478312_2.png,27.86562
478312_3.png,27.938404
478312_4.png,27.654932
478312_5.png,30.104084
478420_1.png,28.373268
478420_2.png,27.954576
478420_3.png,29.116562
478420_4.png,28.177893
478420_5.png,28.359324
479176_1.png,29.715267
479176_2.png,27.944468
479176_3.png,27.89675
479176_4.png,27.72058
479176_5.png,29.846895
482297_1.png,29.256712
482297_2.png,27.875507
482297_3.png,27.859232
482297_4.png,28.009562
482297_5.png,29.450865
484531_1.png,28.210066
484531_2.png,27.99318
484531_3.png,28.017887
484531_4.png,28.144485
484531_5.png,28.230505
486171_1.png,28.513676
486171_2.png,27.932188
486171_3.png,28.137678
486171_4.png,27.863178
486171_5.png,29.465302
486369_1.png,30.944557
486369_2.png,28.065552
486369_3.png,30.020023
486369_4.png,29.094656
486369_5.png,30.35516
486770_1.png,29.591492
486770_2.png,27.979038
486770_3.png,27.966959
486770_4.png,28.040405
486770_5.png,29.316881
488201_1.png,29.622799
488201_2.png,27.979664
488201_3.png,28.05564
488201_4.png,27.854057
488201_5.png,28.71389
489304_1.png,29.391108
489304_2.png,27.930964
489304_3.png,28.001183
489304_4.png,27.884306
489304_5.png,29.24387
489873_1.png,29.05568
489873_2.png,28.041405
489873_3.png,28.038685
489873_4.png,28.246681
489873_5.png,30.17888
490470_1.png,29.456905
490470_2.png,27.902763
490470_3.png,28.05798
490470_4.png,27.908194
490470_5.png,29.521172
493295_1.png,30.106415
493295_2.png,27.8859
493295_3.png,28.289616
493295_4.png,28.727743
493295_5.png,30.056353
495146_1.png,32.50513
495146_2.png,27.983925
495146_3.png,28.143465
495146_4.png,28.527166
495146_5.png,31.023342
496252_1.png,28.876814
496252_2.png,27.93617
496252_3.png,27.94383
496252_4.png,27.607695
496252_5.png,29.346506
496597_1.png,30.035809
496597_2.png,27.845001
496597_3.png,27.812279
496597_4.png,27.855055
496597_5.png,30.70794
497388_1.png,29.250233
497388_2.png,27.997757
497388_3.png,28.122597
497388_4.png,28.907352
497388_5.png,28.81961
497593_1.png,29.514696
497593_2.png,27.654383
497593_3.png,27.870888
497593_4.png,27.982056
497593_5.png,28.68805
500432_1.png,29.426132
500432_2.png,27.94003
500432_3.png,28.039173
500432_4.png,29.381504
500432_5.png,29.397085
501762_1.png,29.69527
501762_2.png,27.912731
501762_3.png,27.88518
501762_4.png,30.837563
501762_5.png,30.028421
503108_1.png,30.330303
503108_2.png,27.834173
503108_3.png,28.112888
503108_4.png,28.905424
503108_5.png,31.046473
503202_1.png,28.073103
503202_2.png,28.073183
503202_3.png,28.044401
503202_4.png,29.818956
503202_5.png,28.162262
503418_1.png,28.852934
503418_2.png,27.871054
503418_3.png,27.984869
503418_4.png,30.809174
503418_5.png,28.943842
50350_1.png,31.534779
50350_2.png,27.959793
50350_3.png,29.542097
50350_4.png,30.045784
50350_5.png,30.216078
504621_1.png,32.3521
504621_2.png,28.70538
504621_3.png,28.036152
504621_4.png,29.880423
504621_5.png,31.79601
505043_1.png,30.05884
505043_2.png,28.235847
505043_3.png,27.971756
505043_4.png,28.823055
505043_5.png,30.348593
506454_1.png,30.230871
506454_2.png,28.438864
506454_3.png,30.881447
506454_4.png,27.62175
506454_5.png,29.671387
506471_1.png,29.079857
506471_2.png,27.901709
506471_3.png,28.521757
506471_4.png,28.75374
506471_5.png,29.086336
507301_1.png,30.25111
507301_2.png,28.862398
507301_3.png,29.15171
507301_4.png,27.841454
507301_5.png,30.186863
508656_1.png,29.146204
508656_2.png,27.920383
508656_3.png,27.82963
508656_4.png,28.416756
508656_5.png,30.21121
508872_1.png,29.803411
508872_2.png,27.929886
508872_3.png,28.192785
508872_4.png,29.659615
508872_5.png,31.240236
509416_1.png,30.010704
509416_2.png,27.965364
509416_3.png,28.526138
509416_4.png,28.926167
509416_5.png,29.729395
510230_1.png,28.645098
510230_2.png,27.942053
510230_3.png,28.050306
510230_4.png,27.886879
510230_5.png,29.64106
511050_1.png,28.84805
511050_2.png,27.896505
511050_3.png,27.931665
511050_4.png,27.841312
511050_5.png,30.325302
513507_1.png,30.17146
513507_2.png,27.916288
513507_3.png,28.25039
513507_4.png,28.414927
513507_5.png,29.871862
515247_1.png,28.832016
515247_2.png,27.894064
515247_3.png,28.691603
515247_4.png,27.644402
515247_5.png,29.320051
515445_1.png,28.75069
515445_2.png,27.93838
515445_3.png,27.89814
515445_4.png,27.953438
515445_5.png,29.535826
516677_1.png,28.639357
516677_2.png,27.873447
516677_3.png,28.890684
516677_4.png,30.402868
516677_5.png,29.383434
516827_1.png,30.186867
516827_2.png,27.950819
516827_3.png,28.056982
516827_4.png,29.365473
516827_5.png,29.155012
516916_1.png,29.333584
516916_2.png,27.90804
516916_3.png,27.870802
516916_4.png,28.552532
516916_5.png,29.599878
51702_1.png,30.941946
51702_2.png,27.849375
51702_3.png,28.14245
51702_4.png,29.846092
51702_5.png,30.732496
517081_1.png,29.655317
517081_2.png,27.999945
517081_3.png,28.316015
517081_4.png,29.264803
517081_5.png,30.21061
519271_1.png,29.293262
519271_2.png,27.812225
519271_3.png,27.89999
519271_4.png,28.927635
519271_5.png,28.986616
519649_1.png,28.734974
519649_2.png,27.822077
519649_3.png,27.84901
519649_4.png,30.015755
519649_5.png,30.766912
520324_1.png,30.27462
520324_2.png,27.857176
520324_3.png,27.902695
520324_4.png,28.234652
520324_5.png,29.845018
522262_1.png,30.127752
522262_2.png,27.99492
522262_3.png,27.930847
522262_4.png,28.361366
522262_5.png,29.81165
523096_1.png,29.643944
523096_2.png,27.70914
523096_3.png,28.584806
523096_4.png,31.66958
523096_5.png,29.987831
523315_1.png,28.441872
523315_2.png,29.255163
523315_3.png,27.929434
523315_4.png,28.156736
523315_5.png,29.022675
523373_1.png,28.680748
523373_2.png,27.931438
523373_3.png,28.3393
523373_4.png,29.148434
523373_5.png,29.922466
526028_1.png,28.909485
526028_2.png,28.06303
526028_3.png,28.593939
526028_4.png,29.583036
526028_5.png,29.98858
526342_1.png,30.448011
526342_2.png,27.925985
526342_3.png,27.896118
526342_4.png,27.851421
526342_5.png,30.225441
528984_1.png,31.602999
528984_2.png,27.43556
528984_3.png,27.71993
528984_4.png,27.108833
528984_5.png,31.605324
529105_1.png,29.032082
529105_2.png,27.91384
529105_3.png,28.005148
529105_4.png,30.575075
529105_5.png,28.959682
52936_1.png,28.623873
52936_2.png,28.070534
52936_3.png,28.15782
52936_4.png,28.78139
52936_5.png,29.252644
529939_1.png,27.9501
529939_2.png,28.082499
529939_3.png,28.05868
529939_4.png,28.109583
529939_5.png,29.388742
531707_1.png,28.692238
531707_2.png,27.971186
531707_3.png,28.518957
531707_4.png,29.447077
531707_5.png,30.029854
532164_1.png,28.94653
532164_2.png,27.91222
532164_3.png,27.960497
532164_4.png,27.695286
532164_5.png,29.236908
532759_1.png,29.570505
532759_2.png,27.995346
532759_3.png,27.936949
532759_4.png,28.070734
532759_5.png,29.190044
533976_1.png,29.833248
533976_2.png,27.989487
533976_3.png,28.104752
533976_4.png,28.288824
533976_5.png,30.274641
535889_1.png,28.820374
535889_2.png,28.029852
535889_3.png,27.923279
535889_4.png,29.345354
535889_5.png,30.130932
535934_1.png,29.76103
535934_2.png,27.928755
535934_3.png,27.590157
535934_4.png,28.05358
535934_5.png,31.144987
537631_1.png,29.071682
537631_2.png,27.811157
537631_3.png,29.352507
537631_4.png,27.62388
537631_5.png,29.608883
538741_1.png,30.145271
538741_2.png,27.947134
538741_3.png,28.088753
538741_4.png,27.692503
538741_5.png,30.052616
538976_1.png,29.72288
538976_2.png,28.191313
538976_3.png,28.276278
538976_4.png,27.980412
538976_5.png,30.085258
53949_1.png,30.409416
53949_2.png,28.144419
53949_3.png,28.18113
53949_4.png,28.296501
53949_5.png,30.016611
54091_1.png,28.868334
54091_2.png,28.038193
54091_3.png,27.976019
54091_4.png,28.348278
54091_5.png,29.653414
541478_1.png,29.217176
541478_2.png,27.954857
541478_3.png,28.691378
541478_4.png,30.731377
541478_5.png,27.922464
542509_1.png,29.907274
542509_2.png,27.876144
542509_3.png,28.134998
542509_4.png,29.475645
542509_5.png,30.177376
542625_1.png,28.865627
542625_2.png,27.892485
542625_3.png,27.920614
542625_4.png,27.969372
542625_5.png,30.241674
544216_1.png,29.797544
544216_2.png,27.727093
544216_3.png,27.89262
544216_4.png,28.077288
544216_5.png,29.736242
545006_1.png,28.998142
545006_2.png,28.076387
545006_3.png,27.917427
545006_4.png,27.924183
545006_5.png,28.738039
545293_1.png,29.829853
545293_2.png,27.836393
545293_3.png,27.833044
545293_4.png,28.659527
545293_5.png,29.065632
546826_1.png,28.91802
546826_2.png,28.21589
546826_3.png,28.879852
546826_4.png,28.645802
546826_5.png,29.883657
547336_1.png,29.473667
547336_2.png,27.927755
547336_3.png,28.001558
547336_4.png,29.524763
547336_5.png,29.783646
54763_1.png,27.838505
54763_2.png,27.841948
54763_3.png,27.934177
54763_4.png,27.922712
54763_5.png,29.43048
549230_1.png,29.82283
549230_2.png,27.88679
549230_3.png,27.97393
549230_4.png,28.66516
549230_5.png,31.225622
55053_1.png,29.327755
55053_2.png,27.896214
55053_3.png,27.907572
55053_4.png,27.578106
55053_5.png,28.707321
551358_1.png,30.254831
551358_2.png,28.022234
551358_3.png,28.283628
551358_4.png,28.205284
551358_5.png,29.807545
552377_1.png,28.830744
552377_2.png,28.211275
552377_3.png,28.322535
552377_4.png,29.823061
552377_5.png,28.882618
553669_1.png,28.692482
553669_2.png,27.897259
553669_3.png,27.966202
553669_4.png,28.285097
553669_5.png,28.461784
553879_1.png,29.622648
553879_2.png,27.7441
553879_3.png,27.959753
553879_4.png,29.298092
553879_5.png,28.777351
554145_1.png,29.188559
554145_2.png,27.954773
554145_3.png,27.901976
554145_4.png,27.791668
554145_5.png,30.90556
555571_1.png,30.233183
555571_2.png,27.932825
555571_3.png,27.94463
555571_4.png,31.383713
555571_5.png,30.497799
556341_1.png,29.274416
556341_2.png,27.89643
556341_3.png,28.038979
556341_4.png,28.873203
556341_5.png,28.801659
557679_1.png,29.56028
557679_2.png,27.965233
557679_3.png,27.984632
557679_4.png,29.816706
557679_5.png,30.314991
557884_1.png,29.964062
557884_2.png,27.585255
557884_3.png,29.566074
557884_4.png,28.35485
557884_5.png,29.256351
55810_1.png,29.159966
55810_2.png,27.7969
55810_3.png,27.896852
55810_4.png,27.62458
55810_5.png,29.949896
558671_1.png,29.138037
558671_2.png,28.016724
558671_3.png,27.664948
558671_4.png,28.255413
558671_5.png,29.372868
559550_1.png,28.644773
559550_2.png,27.974054
559550_3.png,28.296083
559550_4.png,28.210114
559550_5.png,29.063847
559730_1.png,29.778442
559730_2.png,27.958546
559730_3.png,28.198093
559730_4.png,29.725576
559730_5.png,29.915754
560178_1.png,28.766773
560178_2.png,27.866114
560178_3.png,31.427628
560178_4.png,28.1606
560178_5.png,29.247185
560721_1.png,29.853062
560721_2.png,27.878923
560721_3.png,28.018827
560721_4.png,28.01412
560721_5.png,28.688559
562803_1.png,31.209852
562803_2.png,27.91524
562803_3.png,28.762465
562803_4.png,28.1757
562803_5.png,29.289583
562856_1.png,29.232763
562856_2.png,28.001053
562856_3.png,29.243639
562856_4.png,29.817068
562856_5.png,29.113462
563185_1.png,32.41068
563185_2.png,27.918736
563185_3.png,28.272734
563185_4.png,29.58013
563185_5.png,31.655695
563615_1.png,29.871542
563615_2.png,27.883877
563615_3.png,27.40828
563615_4.png,27.746767
563615_5.png,29.737185
563871_1.png,28.502146
563871_2.png,27.892567
563871_3.png,27.916964
563871_4.png,28.961828
563871_5.png,29.239788
564657_1.png,29.589842
564657_2.png,28.447268
564657_3.png,30.080015
564657_4.png,29.405552
564657_5.png,29.846317
565781_1.png,29.422787
565781_2.png,27.946152
565781_3.png,27.918108
565781_4.png,29.099543
565781_5.png,30.16934
566027_1.png,28.292006
566027_2.png,27.958302
566027_3.png,28.868183
566027_4.png,28.100233
566027_5.png,30.035152
566524_1.png,29.115389
566524_2.png,27.913797
566524_3.png,28.24959
566524_4.png,29.178263
566524_5.png,31.804688
568611_1.png,29.937824
568611_2.png,28.082655
568611_3.png,27.872864
568611_4.png,30.63176
568611_5.png,29.817404
569319_1.png,28.822834
569319_2.png,27.946144
569319_3.png,27.940084
569319_4.png,28.728992
569319_5.png,28.914753
570680_1.png,31.11011
570680_2.png,28.78738
570680_3.png,29.110958
570680_4.png,29.140192
570680_5.png,29.869125
572453_1.png,28.944489
572453_2.png,27.8562
572453_3.png,27.878174
572453_4.png,29.518726
572453_5.png,29.45248
572825_1.png,29.28575
572825_2.png,27.787638
572825_3.png,27.9312
572825_4.png,28.047878
572825_5.png,29.331484
572889_1.png,29.060793
572889_2.png,27.863337
572889_3.png,28.440796
572889_4.png,29.32016
572889_5.png,29.334799
573605_1.png,29.927568
573605_2.png,27.960087
573605_3.png,28.322214
573605_4.png,29.536957
573605_5.png,30.237572
57363_1.png,31.275385
57363_2.png,27.732246
57363_3.png,27.729837
57363_4.png,27.225817
57363_5.png,30.111061
57377_1.png,28.879202
57377_2.png,27.93001
57377_3.png,28.022083
57377_4.png,27.467592
57377_5.png,29.008427
574166_1.png,29.928299
574166_2.png,27.764147
574166_3.png,27.881027
574166_4.png,27.919024
574166_5.png,30.838684
576327_1.png,28.28154
576327_2.png,27.945496
576327_3.png,27.951523
576327_4.png,26.987564
576327_5.png,29.432114
577526_1.png,29.884098
577526_2.png,27.97295
577526_3.png,27.932964
577526_4.png,27.872976
577526_5.png,31.01292
578107_1.png,29.27317
578107_2.png,28.04877
578107_3.png,27.917456
578107_4.png,28.25318
578107_5.png,28.817287
57814_1.png,29.479792
57814_2.png,27.920181
57814_3.png,27.877083
57814_4.png,30.063095
57814_5.png,29.431461
57878_1.png,29.877707
57878_2.png,27.90054
57878_3.png,27.93376
57878_4.png,28.729292
57878_5.png,29.426626
578848_1.png,29.995409
578848_2.png,27.938864
578848_3.png,27.928993
578848_4.png,27.439356
578848_5.png,30.124855
57904_1.png,29.254093
57904_2.png,27.908394
57904_3.png,27.975847
57904_4.png,28.137756
57904_5.png,29.701769
58569_1.png,29.031298
58569_2.png,27.789251
58569_3.png,27.897835
58569_4.png,27.941969
58569_5.png,29.500505
60449_1.png,30.42485
60449_2.png,28.156105
60449_3.png,28.17841
60449_4.png,30.6956
60449_5.png,30.874027
61735_1.png,29.672567
61735_2.png,28.113626
61735_3.png,29.059772
61735_4.png,29.315155
61735_5.png,30.228148
63729_1.png,28.771734
63729_2.png,27.9019
63729_3.png,27.996933
63729_4.png,29.77596
63729_5.png,29.33959
64703_1.png,29.525179
64703_2.png,27.965265
64703_3.png,29.619219
64703_4.png,28.439852
64703_5.png,30.8112
65008_1.png,29.250347
65008_2.png,27.804663
65008_3.png,27.511366
65008_4.png,28.343277
65008_5.png,29.57188
65124_1.png,28.399023
65124_2.png,27.733465
65124_3.png,27.890638
65124_4.png,28.774525
65124_5.png,28.66913
65427_1.png,28.612074
65427_2.png,27.930222
65427_3.png,28.112675
65427_4.png,29.879932
65427_5.png,29.0479
66001_1.png,29.843323
66001_2.png,27.939219
66001_3.png,28.733126
66001_4.png,27.745512
66001_5.png,30.214066
66879_1.png,31.942268
66879_2.png,27.833633
66879_3.png,30.14522
66879_4.png,29.283115
66879_5.png,29.262531
675_1.png,30.253935
675_2.png,27.967592
675_3.png,27.989359
675_4.png,29.06921
675_5.png,29.720472
68743_1.png,28.978973
68743_2.png,27.911493
68743_3.png,27.861898
68743_4.png,27.62333
68743_5.png,29.871424
69827_1.png,29.430902
69827_2.png,27.99
69827_3.png,27.956238
69827_4.png,28.08446
69827_5.png,29.959808
70739_1.png,29.091614
70739_2.png,28.05473
70739_3.png,27.970245
70739_4.png,28.207838
70739_5.png,29.90404
71136_1.png,29.765331
71136_2.png,27.978102
71136_3.png,28.144964
71136_4.png,29.540678
71136_5.png,29.924889
71239_1.png,28.463495
71239_2.png,27.913105
71239_3.png,27.848381
71239_4.png,27.857273
71239_5.png,28.15835
73861_1.png,30.397415
73861_2.png,27.923883
73861_3.png,27.801432
73861_4.png,27.78705
73861_5.png,30.708548
74412_1.png,30.454859
74412_2.png,28.042444
74412_3.png,28.352877
74412_4.png,28.495205
74412_5.png,30.403679
75090_1.png,28.114801
75090_2.png,27.845055
75090_3.png,27.848951
75090_4.png,27.642853
75090_5.png,28.31808
75696_1.png,29.915028
75696_2.png,27.936537
75696_3.png,27.860008
75696_4.png,29.68494
75696_5.png,29.743765
76625_1.png,29.133268
76625_2.png,27.881723
76625_3.png,28.201408
76625_4.png,30.002811
76625_5.png,29.90008
77473_1.png,29.191988
77473_2.png,27.924864
77473_3.png,28.349424
77473_4.png,28.794981
77473_5.png,28.919254
78495_1.png,29.590303
78495_2.png,27.853003
78495_3.png,27.881306
78495_4.png,27.480518
78495_5.png,29.063341
78696_1.png,29.06437
78696_2.png,27.910017
78696_3.png,27.890553
78696_4.png,27.801151
78696_5.png,28.96432
79588_1.png,28.77148
79588_2.png,27.991184
79588_3.png,28.43506
79588_4.png,29.765774
79588_5.png,28.950148
79906_1.png,29.719685
79906_2.png,27.902618
79906_3.png,27.959223
79906_4.png,28.141531
79906_5.png,28.95862
79955_1.png,29.1123
79955_2.png,27.893173
79955_3.png,28.237116
79955_4.png,28.050617
79955_5.png,29.394808
79966_1.png,28.899914
79966_2.png,28.057455
79966_3.png,27.954079
79966_4.png,27.886105
79966_5.png,29.73359
81081_1.png,30.087873
81081_2.png,27.652588
81081_3.png,28.24044
81081_4.png,28.298502
81081_5.png,28.85365
82338_1.png,28.861624
82338_2.png,27.88507
82338_3.png,27.810177
82338_4.png,27.901806
82338_5.png,29.19411
82363_1.png,30.527603
82363_2.png,27.539936
82363_3.png,27.99373
82363_4.png,30.087894
82363_5.png,31.122007
83113_1.png,29.07859
83113_2.png,28.002033
83113_3.png,27.821781
83113_4.png,29.090305
83113_5.png,28.984732
84474_1.png,30.30441
84474_2.png,29.192884
84474_3.png,28.292818
84474_4.png,29.606924
84474_5.png,31.186386
8473_1.png,30.558332
8473_2.png,28.269375
8473_3.png,29.343258
8473_4.png,29.763704
8473_5.png,31.564545
85632_1.png,30.397516
85632_2.png,27.886734
85632_3.png,27.902857
85632_4.png,28.195045
85632_5.png,30.453243
85914_1.png,28.187872
85914_2.png,28.030355
85914_3.png,29.78059
85914_4.png,28.562206
85914_5.png,29.152721
89391_1.png,29.010435
89391_2.png,27.992092
89391_3.png,28.080782
89391_4.png,29.296654
89391_5.png,29.62765
89445_1.png,28.791296
89445_2.png,27.88391
89445_3.png,27.890203
89445_4.png,31.453007
89445_5.png,29.432707
90367_1.png,28.716696
90367_2.png,27.824654
90367_3.png,27.542183
90367_4.png,28.414225
90367_5.png,28.753792
91045_1.png,30.547676
91045_2.png,27.987177
91045_3.png,28.144299
91045_4.png,27.998795
91045_5.png,29.913866
92028_1.png,29.334171
92028_2.png,28.00449
92028_3.png,27.895422
92028_4.png,31.620222
92028_5.png,29.81859
92248_1.png,29.008486
92248_2.png,27.984724
92248_3.png,28.044147
92248_4.png,29.066732
92248_5.png,29.780653
93314_1.png,29.7372
93314_2.png,27.877678
93314_3.png,27.945341
93314_4.png,28.081886
93314_5.png,30.176222
94052_1.png,29.599854
94052_2.png,27.922497
94052_3.png,27.98069
94052_4.png,28.445223
94052_5.png,29.835829
94299_1.png,29.216885
94299_2.png,27.779104
94299_3.png,27.53581
94299_4.png,30.484499
94299_5.png,28.809855
9527_1.png,29.611534
9527_2.png,28.002043
9527_3.png,27.714193
9527_4.png,29.196249
9527_5.png,29.697008
95899_1.png,31.902515
95899_2.png,27.788515
95899_3.png,28.011957
95899_4.png,29.16429
95899_5.png,31.143831
97036_1.png,29.470106
97036_2.png,27.963417
97036_3.png,27.992184
97036_4.png,28.55718
97036_5.png,29.38069
98520_1.png,30.432047
98520_2.png,27.824125
98520_3.png,27.898127
98520_4.png,28.05345
98520_5.png,32.508305
98683_1.png,30.02547
98683_2.png,28.071009
98683_3.png,29.03282
98683_4.png,29.45294
98683_5.png,29.791254
98721_1.png,30.5774
98721_2.png,28.200342
98721_3.png,28.753588
98721_4.png,28.128714
98721_5.png,30.53581
98729_1.png,29.005058
98729_2.png,27.948278
98729_3.png,28.211752
98729_4.png,28.454365
98729_5.png,29.396128
9908_1.png,31.618353
9908_2.png,28.18737
9908_3.png,28.044306
9908_4.png,28.2147
9908_5.png,29.373398
99584_1.png,29.125116
99584_2.png,27.9302
99584_3.png,27.999666
99584_4.png,30.022778
99584_5.png,28.938126
